rownum,index,CASE#,DATE  OF OCCURRENCE,BLOCK, IUCR, PRIMARY DESCRIPTION, SECONDARY DESCRIPTION, LOCATION DESCRIPTION,ARREST,DOMESTIC,BEAT,WARD,FBI CD,X COORDINATE,Y COORDINATE,LATITUDE,LONGITUDE,LOCATION
2855,188978,JE479303,11/23/2021 12:29:00 PM,081XX S JUSTINE ST,0820,THEFT,$500 AND UNDER,RESIDENCE - PORCH / HALLWAY,N,N,614,21,06,,,,,
2856,189146,JE493017,12/20/2021 11:30:00 PM,017XX N ST LOUIS AVE,0810,THEFT,OVER $500,STREET,N,N,1422,26,06,,,,,
2857,189429,JF128012,12/25/2021 08:00:00 PM,009XX N MONTICELLO AVE,0486,BATTERY,DOMESTIC BATTERY SIMPLE,RESIDENCE,N,Y,1112,27,08B,,,,,
2858,189638,JF129403,07/30/2021 12:00:00 AM,013XX N KEDZIE AVE,1154,DECEPTIVE PRACTICE,FINANCIAL IDENTITY THEFT $300 AND UNDER,RESIDENCE,N,N,1422,26,11,,,,,
2859,189836,JE492666,12/24/2021 03:30:00 PM,006XX N Michigan Ave,0820,THEFT,$500 AND UNDER,SMALL RETAIL STORE,N,N,1834,42,06,,,,,
2860,190182,JF129777,12/27/2021 12:00:00 AM,007XX N LATROBE AVE,1751,OFFENSE INVOLVING CHILDREN,CRIMINAL SEXUAL ABUSE BY FAMILY MEMBER,RESIDENCE,N,N,1524,37,17,,,,,
2861,190239,JF164400,03/04/2022 07:30:00 PM,022XX W WALTON ST,0810,THEFT,OVER $500,STREET,N,N,1212,2,06,,,,,
2862,190242,JE488605,12/24/2021 04:00:00 PM,002XX E RANDOLPH ST,0870,THEFT,POCKET-PICKING,STREET,N,N,114,42,06,,,,,
2863,190249,JF113708,12/24/2021 12:00:00 AM,001XX N LAPORTE AVE,1110,DECEPTIVE PRACTICE,BOGUS CHECK,RESIDENCE,N,N,1532,28,11,,,,,
2864,190348,JF129428,12/15/2021 12:00:00 PM,027XX N HAMLIN AVE,2820,OTHER OFFENSE,TELEPHONE THREAT,APARTMENT,N,N,2524,31,08A,,,,,
2865,190355,JF123422,01/24/2022 01:15:00 PM,052XX N CLARK ST,1130,DECEPTIVE PRACTICE,FRAUD OR CONFIDENCE GAME,STREET,N,N,2013,48,11,,,,,
2866,190380,JF126469,12/19/2021 05:55:00 PM,122XX S CARPENTER ST,1150,DECEPTIVE PRACTICE,CREDIT CARD FRAUD,SMALL RETAIL STORE,N,N,524,34,11,,,,,
2867,190471,JF123265,01/24/2022 03:20:00 PM,026XX N ELSTON AVE,0860,THEFT,RETAIL THEFT,DEPARTMENT STORE,N,N,1432,1,06,,,,,
2868,190506,JF114735,12/02/2021 12:00:00 AM,037XX S PRINCETON AVE,1154,DECEPTIVE PRACTICE,FINANCIAL IDENTITY THEFT $300 AND UNDER,RESIDENCE,N,N,915,3,11,,,,,
2869,190547,JF114820,11/13/2021 08:00:00 AM,033XX W 36TH ST,0810,THEFT,OVER $500,OTHER COMMERCIAL TRANSPORTATION,N,N,911,12,06,,,,,
2870,190555,JF110493,01/10/2022 11:35:00 AM,008XX N WINCHESTER AVE,1153,DECEPTIVE PRACTICE,FINANCIAL IDENTITY THEFT OVER $ 300,OTHER (SPECIFY),N,N,1212,32,11,,,,,
2871,190642,JF115078,11/26/2021 12:00:00 AM,054XX S WINCHESTER AVE,0486,BATTERY,DOMESTIC BATTERY SIMPLE,RESIDENCE,N,Y,932,16,08B,,,,,
2872,190651,JF114553,11/01/2021 12:00:00 AM,070XX S CREGIER AVE,2825,OTHER OFFENSE,HARASSMENT BY TELEPHONE,APARTMENT,N,Y,332,5,26,,,,,
2873,190653,JE486336,12/22/2021 09:00:00 PM,052XX W DIVERSEY AVE,0340,ROBBERY,ATTEMPT STRONG ARM - NO WEAPON,APARTMENT,N,N,2514,31,03,,,,,
2874,190673,JE451692,11/20/2021 03:58:00 PM,034XX W CHICAGO AVE,0460,BATTERY,SIMPLE,APARTMENT,N,N,1121,27,08B,,,,,
2875,190725,JF115001,03/20/2021 12:00:00 AM,006XX W BARRY AVE,2825,OTHER OFFENSE,HARASSMENT BY TELEPHONE,APARTMENT,N,Y,1934,44,26,,,,,
2876,190729,JF109604,01/10/2022 06:00:00 PM,027XX W THOMAS ST,1320,CRIMINAL DAMAGE,TO VEHICLE,STREET,N,N,1211,1,14,,,,,
2877,190732,JF113516,12/17/2021 09:00:00 AM,107XX S CHURCH ST,1120,DECEPTIVE PRACTICE,FORGERY,APARTMENT,N,N,2212,19,10,,,,,
2878,190764,JF129445,12/08/2021 12:00:00 AM,054XX N NORTHWEST HWY,1152,DECEPTIVE PRACTICE,ILLEGAL USE CASH CARD,APARTMENT,N,N,1622,45,11,,,,,
2879,190843,JF114890,12/26/2021 04:53:00 PM,005XX W Briar Pl,0820,THEFT,$500 AND UNDER,OTHER (SPECIFY),N,N,1934,44,06,,,,,
2880,190854,JF112777,12/27/2021 12:00:00 AM,073XX N CALIFORNIA AVE,1120,DECEPTIVE PRACTICE,FORGERY,OTHER (SPECIFY),N,N,2411,50,10,,,,,
2881,190885,JF109553,01/10/2022 05:45:00 PM,009XX N FRANKLIN ST,0560,ASSAULT,SIMPLE,STREET,N,N,1823,27,08A,,,,,
2882,191138,JF114734,12/04/2021 12:00:00 PM,010XX S OAKLEY BLVD,0810,THEFT,OVER $500,APARTMENT,N,N,1225,28,06,,,,,
2883,191265,JF164063,03/04/2022 06:00:00 PM,002XX E Superior ST,0810,THEFT,OVER $500,HOSPITAL BUILDING / GROUNDS,N,N,1833,2,06,,,,,
2884,191380,JF114907,09/27/2021 01:00:00 PM,059XX W OHIO ST,1153,DECEPTIVE PRACTICE,FINANCIAL IDENTITY THEFT OVER $ 300,APARTMENT,N,N,1511,29,11,,,,,
2885,191692,JE491996,12/25/2021 02:25:00 PM,011XX N STATE ST,0820,THEFT,$500 AND UNDER,HOTEL / MOTEL,N,N,1824,2,06,,,,,
2886,191720,JE493701,12/16/2021 12:30:00 PM,025XX N SACRAMENTO AVE,0810,THEFT,OVER $500,RESIDENCE - PORCH / HALLWAY,N,N,1414,32,06,,,,,
2887,191854,JE480269,11/24/2021 10:00:00 PM,028XX N ALBANY AVE,0890,THEFT,FROM BUILDING,APARTMENT,N,N,1411,33,06,,,,,
2888,191859,JF126483,01/24/2022 03:35:00 PM,067XX S MAPLEWOOD AVE,1150,DECEPTIVE PRACTICE,CREDIT CARD FRAUD,OTHER (SPECIFY),N,N,832,17,11,,,,,
2889,191933,JE493693,12/07/2021 12:18:00 PM,009XX N FAIRFIELD AVE,0820,THEFT,$500 AND UNDER,APARTMENT,N,N,1211,26,06,,,,,
2890,191938,JF109329,01/10/2022 09:00:00 PM,016XX E 50TH ST,1320,CRIMINAL DAMAGE,TO VEHICLE,STREET,N,N,222,5,14,,,,,
2891,192100,JF115299,11/09/2021 09:00:00 AM,068XX S WASHTENAW AVE,1154,DECEPTIVE PRACTICE,FINANCIAL IDENTITY THEFT $300 AND UNDER,RESIDENCE,N,N,831,17,11,,,,,
2892,192102,JE475876,12/11/2021 07:27:00 PM,017XX W FULLERTON AVE,0860,THEFT,RETAIL THEFT,SMALL RETAIL STORE,N,N,1811,32,06,,,,,
2893,192247,JE480257,12/08/2021 10:35:00 AM,081XX S RHODES AVE,0820,THEFT,$500 AND UNDER,RESIDENCE - PORCH / HALLWAY,N,N,631,6,06,,,,,
2894,192338,JE493615,12/17/2021 06:10:00 PM,018XX N NATCHEZ AVE,0820,THEFT,$500 AND UNDER,RESIDENCE - YARD (FRONT / BACK),N,N,2513,29,06,,,,,
2895,192380,JF168062,03/04/2022 01:39:00 PM,021XX W 19TH ST,0810,THEFT,OVER $500,RESIDENCE,N,N,1234,25,06,,,,,
2896,192461,JE480441,12/04/2021 02:30:00 AM,005XX S CLARK ST,1305,CRIMINAL DAMAGE,CRIMINAL DEFACEMENT,GOVERNMENT BUILDING / PROPERTY,N,N,123,4,14,,,,,
2897,192494,JE476004,12/11/2021 04:30:00 AM,046XX S LAKE PARK AVE,1320,CRIMINAL DAMAGE,TO VEHICLE,VACANT LOT / LAND,N,N,222,4,14,,,,,
2898,192549,JF112277,01/10/2022 09:00:00 PM,066XX N HARLEM AVE,0810,THEFT,OVER $500,STREET,N,N,1611,41,06,,,,,
2899,192581,JF129355,12/29/2021 12:00:00 AM,080XX S LOOMIS BLVD,1154,DECEPTIVE PRACTICE,FINANCIAL IDENTITY THEFT $300 AND UNDER,APARTMENT,N,N,612,21,11,,,,,
2900,192583,JF129188,03/26/2021 12:00:00 PM,113XX S INDIANA AVE,1153,DECEPTIVE PRACTICE,FINANCIAL IDENTITY THEFT OVER $ 300,RESIDENCE,N,N,531,9,11,,,,,
2901,192664,JF169203,09/18/2021 03:00:00 PM,033XX W OGDEN AVE,0820,THEFT,$500 AND UNDER,STREET,N,N,1024,24,06,,,,,
2902,192715,JF169873,08/01/2021 12:00:00 AM,079XX S TRUMBULL AVE,2820,OTHER OFFENSE,TELEPHONE THREAT,RESIDENCE,N,N,834,18,08A,,,,,
2903,192716,JF169301,02/18/2022 02:55:00 PM,011XX W WILSON AVE,0890,THEFT,FROM BUILDING,APARTMENT,N,N,1913,46,06,,,,,
2904,192719,JF168981,02/24/2022 01:02:00 PM,022XX N CLEVELAND AVE,0810,THEFT,OVER $500,APARTMENT,N,N,1812,43,06,,,,,
2905,192747,JF169362,12/03/2021 08:00:00 AM,121XX S STONY ISLAND AVE,1120,DECEPTIVE PRACTICE,FORGERY,COMMERCIAL / BUSINESS OFFICE,N,N,434,10,10,,,,,
2906,192795,JF165215,03/04/2022 07:54:00 PM,001XX N STATE ST,0860,THEFT,RETAIL THEFT,DEPARTMENT STORE,N,N,111,42,06,,,,,
2907,192811,JE192297,04/07/2021 01:05:00 PM,009XX N LAVERGNE AVE,2017,NARCOTICS,MANUFACTURE / DELIVER - CRACK,STREET,Y,N,1531,37,18,,,,,
2908,192885,JE191064,04/06/2021 11:43:00 AM,006XX N RIDGEWAY AVE,2014,NARCOTICS,MANUFACTURE / DELIVER -  HEROIN (WHITE),SIDEWALK,Y,N,1122,27,18,,,,,
2909,192893,JF113444,12/29/2021 12:25:00 PM,043XX S GREENWOOD AVE,0820,THEFT,$500 AND UNDER,RESIDENCE - PORCH / HALLWAY,N,N,222,4,06,,,,,
2910,192911,JF148755,12/23/2021 01:00:00 PM,026XX W FITCH AVE,2826,OTHER OFFENSE,HARASSMENT BY ELECTRONIC MEANS,RESIDENCE,N,N,2411,50,26,,,,,
2911,192915,JF148561,10/24/2021 12:00:00 PM,031XX S INDIANA AVE,1110,DECEPTIVE PRACTICE,BOGUS CHECK,RESIDENCE,N,N,211,3,11,,,,,
2912,192932,JE287110,07/02/2021 10:51:00 AM,001XX N MENARD AVE,2014,NARCOTICS,MANUFACTURE / DELIVER -  HEROIN (WHITE),SIDEWALK,Y,N,1512,29,18,,,,,
2913,192933,JF148545,07/29/2021 12:00:00 PM,106XX S GREEN BAY AVE,0910,MOTOR VEHICLE THEFT,AUTOMOBILE,STREET,N,Y,432,10,07,,,,,
2914,192934,JF148906,09/23/2021 01:00:00 PM,077XX S CHAMPLAIN AVE,0910,MOTOR VEHICLE THEFT,AUTOMOBILE,STREET,N,Y,624,6,07,,,,,
2915,192966,JE391381,09/29/2021 09:20:00 AM,033XX W FILLMORE ST,2093,NARCOTICS,FOUND SUSPECT NARCOTICS,POLICE FACILITY / VEHICLE PARKING LOT,Y,N,1134,24,18,,,,,
2916,192979,JE191313,04/06/2021 12:05:00 PM,021XX S CALIFORNIA AVE,2014,NARCOTICS,MANUFACTURE / DELIVER -  HEROIN (WHITE),SIDEWALK,Y,N,1023,12,18,,,,,
2917,192981,JE287279,07/02/2021 12:58:00 PM,049XX W ERIE ST,2014,NARCOTICS,MANUFACTURE / DELIVER -  HEROIN (WHITE),RESIDENCE - PORCH / HALLWAY,Y,N,1532,37,18,,,,,
2918,192982,JF115413,11/03/2021 10:30:00 AM,053XX W KINZIE ST,1150,DECEPTIVE PRACTICE,CREDIT CARD FRAUD,OTHER (SPECIFY),N,N,1523,37,11,,,,,
2919,192984,JF148728,11/27/2021 04:00:00 PM,062XX N LAKEWOOD AVE,0820,THEFT,$500 AND UNDER,APARTMENT,N,Y,2433,48,06,,,,,
2920,192988,JE287143,07/02/2021 10:30:00 AM,020XX S PULASKI RD,2018,NARCOTICS,MANUFACTURE / DELIVER - SYNTHETIC DRUGS,SIDEWALK,Y,N,1014,24,18,,,,,
2921,193018,JF148770,09/27/2021 07:00:00 AM,052XX S HOMAN AVE,2825,OTHER OFFENSE,HARASSMENT BY TELEPHONE,APARTMENT,N,Y,822,14,26,,,,,
2922,193021,JE286035,07/01/2021 01:28:00 PM,039XX W CHICAGO AVE,2014,NARCOTICS,MANUFACTURE / DELIVER -  HEROIN (WHITE),ALLEY,Y,N,1112,37,18,,,,,
2923,193030,JE289511,07/04/2021 09:30:00 AM,027XX S STATE ST,2017,NARCOTICS,MANUFACTURE / DELIVER - CRACK,VEHICLE NON-COMMERCIAL,Y,N,133,3,18,,,,,
2924,193035,JE289490,07/04/2021 09:25:00 AM,039XX W FILLMORE ST,2014,NARCOTICS,MANUFACTURE / DELIVER -  HEROIN (WHITE),VACANT LOT / LAND,Y,N,1132,24,18,,,,,
2925,193047,JE189880,04/05/2021 08:20:00 AM,042XX W ADAMS ST,2024,NARCOTICS,POSSESS - HEROIN (WHITE),VEHICLE NON-COMMERCIAL,Y,N,1115,28,18,,,,,
2926,193073,JE380591,09/20/2021 11:00:00 AM,033XX W FILLMORE ST,2093,NARCOTICS,FOUND SUSPECT NARCOTICS,POLICE FACILITY / VEHICLE PARKING LOT,Y,N,1134,24,18,,,,,
2927,193075,JF148616,01/20/2022 12:00:00 AM,005XX N MC CLURG CT,0890,THEFT,FROM BUILDING,RESIDENCE,N,N,1834,42,06,,,,,
2928,193084,JF148672,10/29/2021 01:00:00 PM,072XX S OGLESBY AVE,0810,THEFT,OVER $500,RESIDENCE,N,N,334,7,06,,,,,
2929,193095,JF148281,02/08/2022 07:11:00 AM,016XX S MICHIGAN AVE,0810,THEFT,OVER $500,CHA APARTMENT,N,N,131,3,06,,,,,
2930,193099,JF115691,11/22/2021 08:00:00 AM,059XX W BYRON ST,1154,DECEPTIVE PRACTICE,FINANCIAL IDENTITY THEFT $300 AND UNDER,,N,N,1633,38,11,,,,,
2931,193106,JE401254,10/01/2021 01:00:00 PM,026XX W HADDON AVE,0820,THEFT,$500 AND UNDER,RESIDENCE - PORCH / HALLWAY,N,N,1211,1,06,,,,,
2932,193108,JF148458,12/28/2021 04:00:00 AM,012XX W 73RD ST,1544,SEX OFFENSE,SEXUAL EXPLOITATION OF A CHILD,RESIDENCE,N,Y,734,17,17,,,,,
2933,193141,JE191315,04/06/2021 02:40:00 PM,002XX N KARLOV AVE,2014,NARCOTICS,MANUFACTURE / DELIVER -  HEROIN (WHITE),SIDEWALK,Y,N,1114,28,18,,,,,
2934,193142,JF148661,11/04/2021 12:43:00 PM,035XX N KIMBALL AVE,1150,DECEPTIVE PRACTICE,CREDIT CARD FRAUD,APARTMENT,N,N,1732,35,11,,,,,
2935,193144,JF168931,03/03/2022 09:47:00 PM,026XX N MOODY AVE,1153,DECEPTIVE PRACTICE,FINANCIAL IDENTITY THEFT OVER $ 300,,N,N,2512,30,11,,,,,
2936,193170,JE287135,07/02/2021 11:17:00 AM,040XX W MONROE ST,2014,NARCOTICS,MANUFACTURE / DELIVER -  HEROIN (WHITE),VACANT LOT / LAND,Y,N,1115,28,18,,,,,
2937,193194,JF116355,09/01/2021 09:00:00 AM,104XX S TALMAN AVE,1154,DECEPTIVE PRACTICE,FINANCIAL IDENTITY THEFT $300 AND UNDER,RESIDENCE,N,N,2211,19,11,,,,,
2938,193201,JF116046,12/15/2021 12:00:00 AM,011XX W NORTH SHORE AVE,0820,THEFT,$500 AND UNDER,RESIDENCE,N,N,2432,49,06,,,,,
2939,193222,JE287200,07/02/2021 11:30:00 AM,034XX W OHIO ST,2014,NARCOTICS,MANUFACTURE / DELIVER -  HEROIN (WHITE),RESIDENCE - PORCH / HALLWAY,Y,N,1121,27,18,,,,,
2940,193234,JF115618,10/22/2021 02:00:00 PM,059XX S RACINE AVE,1153,DECEPTIVE PRACTICE,FINANCIAL IDENTITY THEFT OVER $ 300,APARTMENT,N,N,713,16,11,,,,,
2941,193264,JF113645,12/19/2021 01:45:00 PM,008XX S MICHIGAN AVE,1130,DECEPTIVE PRACTICE,FRAUD OR CONFIDENCE GAME,SIDEWALK,N,N,123,4,11,,,,,
2942,193308,JF148570,12/17/2021 07:00:00 PM,030XX W JACKSON BLVD,0560,ASSAULT,SIMPLE,RESIDENCE - PORCH / HALLWAY,N,N,1124,28,08A,,,,,
2943,193319,JF115881,11/29/2021 12:00:00 PM,071XX S FRANCISCO AVE,0820,THEFT,$500 AND UNDER,RESIDENCE,N,Y,831,18,06,,,,,
2944,193367,JE493762,12/28/2021 08:20:00 PM,005XX N HERMITAGE AVE,0810,THEFT,OVER $500,STREET,N,N,1215,1,06,,,,,
2945,193392,JE289616,07/04/2021 11:21:00 AM,050XX S ADA ST,2017,NARCOTICS,MANUFACTURE / DELIVER - CRACK,SIDEWALK,Y,N,933,20,18,,,,,
2946,193465,JF111596,10/15/2021 12:00:00 PM,005XX E 95TH ST,1120,DECEPTIVE PRACTICE,FORGERY,COMMERCIAL / BUSINESS OFFICE,N,N,633,9,10,,,,,
2947,193582,JF115729,07/13/2021 08:00:00 AM,119XX S PRINCETON AVE,5002,OTHER OFFENSE,OTHER VEHICLE OFFENSE,RESIDENCE,N,Y,522,34,26,,,,,
2948,193624,JF115874,12/28/2021 12:00:00 PM,042XX N LOWELL AVE,2890,PUBLIC PEACE VIOLATION,OTHER VIOLATION,ALLEY,N,N,1722,39,24,,,,,
2949,193704,JF152110,02/13/2022 01:52:00 PM,004XX E 66TH ST,0890,THEFT,FROM BUILDING,APARTMENT,N,N,312,20,06,,,,,
2950,193709,JE481434,12/12/2021 02:35:00 PM,016XX N MASON AVE,0820,THEFT,$500 AND UNDER,RESIDENCE,N,N,2531,29,06,,,,,
2951,193736,JF116328,12/20/2021 10:00:00 PM,014XX S MUSEUM CAMPUS DR,0810,THEFT,OVER $500,SPORTS ARENA / STADIUM,N,N,132,4,06,,,,,
2952,193742,JF153617,11/17/2021 12:00:00 AM,036XX S ELLIS AVE,0610,BURGLARY,FORCIBLE ENTRY,RESIDENCE,N,N,212,4,05,,,,,
2953,193745,JF115451,09/25/2021 02:00:00 PM,005XX W MADISON ST,0810,THEFT,OVER $500,APARTMENT,N,N,121,42,06,,,,,
2954,193759,JF115885,11/29/2021 12:00:00 PM,071XX S FRANCISCO AVE,1152,DECEPTIVE PRACTICE,ILLEGAL USE CASH CARD,RESIDENCE,N,Y,831,18,11,,,,,
2955,193790,JF115662,01/10/2022 04:05:00 PM,009XX W RANDOLPH ST,0890,THEFT,FROM BUILDING,RESTAURANT,N,N,1224,27,06,,,,,
2956,193818,JF150371,02/18/2022 02:30:00 PM,016XX W DIVISION ST,0860,THEFT,RETAIL THEFT,DRUG STORE,N,N,1424,1,06,,,,,
2957,193849,JE481457,12/06/2021 05:07:00 PM,050XX N SAWYER AVE,0890,THEFT,FROM BUILDING,APARTMENT,N,N,1713,33,06,,,,,
2958,193851,JF105982,12/22/2021 06:14:00 AM,046XX N DAMEN AVE,0610,BURGLARY,FORCIBLE ENTRY,APARTMENT,N,N,1911,47,05,,,,,
2959,193880,JF110452,01/11/2022 09:00:00 PM,040XX N Kenmore Ave,0820,THEFT,$500 AND UNDER,VEHICLE NON-COMMERCIAL,N,N,1915,46,06,,,,,
2960,193903,JF112568,12/06/2021 12:00:00 AM,094XX S ST LAWRENCE AVE,1120,DECEPTIVE PRACTICE,FORGERY,RESIDENCE,N,N,633,9,10,,,,,
2961,193905,JF115641,12/20/2021 02:00:00 PM,024XX W FLOURNOY ST,0910,MOTOR VEHICLE THEFT,AUTOMOBILE,APARTMENT,N,Y,1135,28,07,,,,,
2962,193930,JF112297,01/11/2022 03:00:00 PM,027XX W THOMAS ST,0820,THEFT,$500 AND UNDER,RESIDENCE - PORCH / HALLWAY,N,N,1211,1,06,,,,,
2963,193948,JF115727,12/17/2021 10:00:00 AM,023XX W WOLFRAM ST,1310,CRIMINAL DAMAGE,TO PROPERTY,APARTMENT,N,N,1432,32,14,,,,,
2964,193951,JE467320,12/05/2021 07:00:00 AM,015XX N LAWLER AVE,0810,THEFT,OVER $500,STREET,N,N,2533,37,06,,,,,
2965,193971,JF154505,11/12/2021 12:00:00 AM,044XX W MAYPOLE AVE,1152,DECEPTIVE PRACTICE,ILLEGAL USE CASH CARD,APARTMENT,N,Y,1113,28,11,,,,,
2966,193978,JF115705,12/20/2021 03:00:00 PM,009XX W GRACE ST,1153,DECEPTIVE PRACTICE,FINANCIAL IDENTITY THEFT OVER $ 300,APARTMENT,N,N,1923,46,11,,,,,
2967,194032,JF115307,12/20/2021 11:52:00 AM,009XX W FULTON MARKET,0810,THEFT,OVER $500,OTHER (SPECIFY),N,N,1214,27,06,,,,,
2968,194037,JF115616,12/24/2021 11:00:00 AM,066XX N GLENWOOD AVE,1156,DECEPTIVE PRACTICE,ATTEMPT - FINANCIAL IDENTITY THEFT,APARTMENT,N,N,2432,49,11,,,,,
2969,194048,JF115764,11/05/2021 02:00:00 PM,006XX N LAKE SHORE DR,0890,THEFT,FROM BUILDING,HOTEL / MOTEL,N,N,1834,42,06,,,,,
2970,194056,JF115721,12/09/2021 07:15:00 PM,065XX S ELLIS AVE,1581,SEX OFFENSE,NON-CONSENSUAL DISSEMINATION OF PRIVATE SEXUAL IMAGES,APARTMENT,N,N,321,20,17,,,,,
2971,194097,JF112446,01/11/2022 06:00:00 PM,009XX W Sunnyside Ave,0820,THEFT,$500 AND UNDER,RESIDENCE,N,N,1914,46,06,,,,,
2972,194101,JF115828,11/26/2021 04:00:00 PM,005XX E 90TH ST,1120,DECEPTIVE PRACTICE,FORGERY,RESIDENCE,N,N,633,9,10,,,,,
2973,194113,JF115812,09/30/2021 03:45:00 PM,006XX N CLARK ST,0460,BATTERY,SIMPLE,STREET,N,N,1832,42,08B,,,,,
2974,194122,JF115326,12/21/2021 03:23:00 PM,047XX N MAGNOLIA AVE,0820,THEFT,$500 AND UNDER,RESIDENCE,N,N,1913,46,06,,,,,
2975,194131,JF106005,12/07/2021 04:00:00 AM,016XX W WAVELAND AVE,0610,BURGLARY,FORCIBLE ENTRY,APARTMENT,N,N,1922,47,05,,,,,
2976,194136,JF115450,12/08/2021 12:00:00 AM,001XX N WABASH AVE,1156,DECEPTIVE PRACTICE,ATTEMPT - FINANCIAL IDENTITY THEFT,COMMERCIAL / BUSINESS OFFICE,N,N,111,42,11,,,,,
2977,194160,JF115948,12/28/2021 12:00:00 PM,116XX S WATKINS AVE,2826,OTHER OFFENSE,HARASSMENT BY ELECTRONIC MEANS,RESIDENCE,N,N,2234,34,26,,,,,
2978,194180,JF115284,11/07/2021 10:00:00 PM,055XX N CAMPBELL AVE,0820,THEFT,$500 AND UNDER,VEHICLE NON-COMMERCIAL,N,N,2011,40,06,,,,,
2979,194182,JF115550,12/27/2021 12:30:00 PM,0000X W TERMINAL ST,0820,THEFT,$500 AND UNDER,AIRCRAFT,N,N,1651,41,06,,,,,
2980,194227,JF129492,01/10/2022 04:35:00 PM,014XX W Winona st,0890,THEFT,FROM BUILDING,RESIDENCE - PORCH / HALLWAY,N,N,2033,47,06,,,,,
2981,194235,JE187113,04/02/2021 11:58:00 AM,009XX N KEELER AVE,2014,NARCOTICS,MANUFACTURE / DELIVER -  HEROIN (WHITE),STREET,Y,N,1111,37,18,,,,,
2982,194240,JF148942,08/25/2021 12:00:00 PM,014XX N RIDGEWAY AVE,0910,MOTOR VEHICLE THEFT,AUTOMOBILE,STREET,N,N,2535,26,07,,,,,
2983,194251,JF143905,02/12/2022 02:44:00 PM,006XX W BUENA AVE,0820,THEFT,$500 AND UNDER,SIDEWALK,N,N,1915,46,06,,,,,
2984,194261,JE192248,04/07/2021 11:27:00 AM,007XX N SPAULDING AVE,2014,NARCOTICS,MANUFACTURE / DELIVER -  HEROIN (WHITE),SIDEWALK,Y,N,1121,27,18,,,,,
2985,194268,JF148428,11/26/2021 10:00:00 PM,008XX W BELLE PLAINE AVE,1153,DECEPTIVE PRACTICE,FINANCIAL IDENTITY THEFT OVER $ 300,RESIDENCE,N,N,1915,46,11,,,,,
2986,194269,JF149211,07/25/2021 05:00:00 AM,033XX W FILLMORE ST,5002,OTHER OFFENSE,OTHER VEHICLE OFFENSE,POLICE FACILITY / VEHICLE PARKING LOT,N,N,1134,24,26,,,,,
2987,194276,JE192187,04/07/2021 10:56:00 AM,014XX S KOMENSKY AVE,2017,NARCOTICS,MANUFACTURE / DELIVER - CRACK,VACANT LOT / LAND,Y,N,1011,24,18,,,,,
2988,194291,JE192267,04/07/2021 11:27:00 AM,007XX N SPAULDING AVE,2014,NARCOTICS,MANUFACTURE / DELIVER -  HEROIN (WHITE),SIDEWALK,Y,N,1121,27,18,,,,,
2989,194292,JF129699,11/27/2021 08:00:00 AM,130XX S DR MARTIN LUTHER KING JR DR,2826,OTHER OFFENSE,HARASSMENT BY ELECTRONIC MEANS,RESIDENCE,N,Y,533,9,26,,,,,
2990,194371,JF129836,12/27/2021 08:30:00 PM,006XX E 81ST ST,1153,DECEPTIVE PRACTICE,FINANCIAL IDENTITY THEFT OVER $ 300,APARTMENT,N,N,631,6,11,,,,,
2991,194391,JE170240,03/16/2021 08:37:00 AM,040XX W GRENSHAW ST,2014,NARCOTICS,MANUFACTURE / DELIVER -  HEROIN (WHITE),SIDEWALK,Y,N,1132,24,18,,,,,
2992,194392,JF129485,09/09/2021 05:20:00 PM,030XX N GREENVIEW AVE,1153,DECEPTIVE PRACTICE,FINANCIAL IDENTITY THEFT OVER $ 300,,N,N,1932,32,11,,,,,
2993,194412,JF130204,12/15/2021 12:00:00 AM,026XX W OGDEN AVE,0820,THEFT,$500 AND UNDER,CHURCH / SYNAGOGUE / PLACE OF WORSHIP,N,N,1023,28,06,,,,,
2994,194444,JF129388,12/13/2021 08:25:00 AM,010XX N ASHLAND AVE,1150,DECEPTIVE PRACTICE,CREDIT CARD FRAUD,SMALL RETAIL STORE,N,N,1213,2,11,,,,,
2995,194451,JF129538,12/31/2021 12:05:00 AM,071XX S STONY ISLAND AVE,1152,DECEPTIVE PRACTICE,ILLEGAL USE CASH CARD,OTHER (SPECIFY),N,N,324,8,11,,,,,
2996,194527,JF130560,10/19/2021 10:30:00 AM,089XX S ELIZABETH ST,1156,DECEPTIVE PRACTICE,ATTEMPT - FINANCIAL IDENTITY THEFT,RESIDENCE,N,N,2222,21,11,,,,,
2997,194538,JF130510,12/24/2021 01:03:00 PM,048XX S DREXEL BLVD,0820,THEFT,$500 AND UNDER,RESIDENCE - PORCH / HALLWAY,N,N,223,4,06,,,,,
2998,194558,JF129719,04/13/2021 12:00:00 AM,097XX S MARQUETTE AVE,1153,DECEPTIVE PRACTICE,FINANCIAL IDENTITY THEFT OVER $ 300,ATM (AUTOMATIC TELLER MACHINE),N,N,431,10,11,,,,,
2999,194563,JF130491,10/05/2021 12:00:00 AM,002XX N ALBANY AVE,1320,CRIMINAL DAMAGE,TO VEHICLE,PARKING LOT / GARAGE (NON RESIDENTIAL),N,N,1222,27,14,,,,,
3000,194610,JF130052,11/30/2021 10:00:00 PM,013XX W BELMONT AVE,2825,OTHER OFFENSE,HARASSMENT BY TELEPHONE,RESIDENCE,N,Y,1933,32,26,,,,,
3001,194636,JF129912,11/16/2021 12:00:00 PM,028XX W BALMORAL AVE,1242,DECEPTIVE PRACTICE,COMPUTER FRAUD,RESIDENCE,N,N,2011,40,11,,,,,
3002,194643,JF129736,12/23/2021 04:15:00 PM,102XX S WESTERN AVE,1110,DECEPTIVE PRACTICE,BOGUS CHECK,BANK,N,N,2211,19,11,,,,,
3003,194649,JF129567,12/28/2021 08:00:00 PM,056XX S ASHLAND AVE,0820,THEFT,$500 AND UNDER,APARTMENT,N,N,715,16,06,,,,,
3004,194718,JF130150,06/01/2021 12:00:00 AM,086XX S EXCHANGE AVE,1153,DECEPTIVE PRACTICE,FINANCIAL IDENTITY THEFT OVER $ 300,RESIDENCE,N,N,423,10,11,,,,,
3005,194731,JF129648,05/01/2021 11:30:00 AM,053XX N LIEB AVE,1153,DECEPTIVE PRACTICE,FINANCIAL IDENTITY THEFT OVER $ 300,,N,N,1623,45,11,,,,,
3006,194749,JF115617,12/30/2021 11:00:00 PM,007XX S KOSTNER AVE,0820,THEFT,$500 AND UNDER,RESIDENCE,N,N,1131,24,06,,,,,
3007,194752,JF116129,07/05/2021 12:01:00 AM,078XX S PHILLIPS AVE,0281,CRIMINAL SEXUAL ASSAULT,NON-AGGRAVATED,APARTMENT,N,N,421,7,02,,,,,
3008,194762,JF129537,08/21/2021 09:00:00 AM,035XX W HURON ST,1153,DECEPTIVE PRACTICE,FINANCIAL IDENTITY THEFT OVER $ 300,APARTMENT,N,N,1121,27,11,,,,,
3009,194765,JF116027,11/10/2021 09:00:00 PM,023XX N SHEFFIELD AVE,0281,CRIMINAL SEXUAL ASSAULT,NON-AGGRAVATED,APARTMENT,N,Y,1811,43,02,,,,,
3010,194841,JF117114,12/27/2021 01:33:00 PM,017XX W 21st St,0820,THEFT,$500 AND UNDER,APARTMENT,N,N,1234,25,06,,,,,
3011,194866,JF105113,12/19/2021 10:30:00 PM,015XX W WALTON ST,0281,CRIMINAL SEXUAL ASSAULT,NON-AGGRAVATED,APARTMENT,N,Y,1213,1,02,,,,,
3012,194885,JF128911,08/09/2021 03:00:00 PM,062XX S DR MARTIN LUTHER KING JR DR,502R,OTHER OFFENSE,VEHICLE TITLE / REGISTRATION OFFENSE,STREET,Y,N,313,20,26,,,,,
3013,194889,JF129735,05/30/2021 02:00:00 AM,016XX N HARLEM AVE,0530,ASSAULT,AGGRAVATED - OTHER DANGEROUS WEAPON,VEHICLE NON-COMMERCIAL,N,Y,2513,29,04A,,,,,
3014,194908,JE287074,07/02/2021 10:56:00 AM,002XX N KILPATRICK AVE,2014,NARCOTICS,MANUFACTURE / DELIVER -  HEROIN (WHITE),RESIDENCE - PORCH / HALLWAY,Y,N,1113,28,18,,,,,
3015,194927,JF129529,09/01/2021 08:00:00 AM,089XX S HARPER AVE,0820,THEFT,$500 AND UNDER,RESIDENCE - PORCH / HALLWAY,N,N,413,8,06,,,,,
3016,194964,JE191209,04/06/2021 01:27:00 PM,047XX W GLADYS AVE,2016,NARCOTICS,MANUFACTURE / DELIVER - PCP,VEHICLE NON-COMMERCIAL,Y,N,1131,28,18,,,,,
3017,194989,JF116572,12/04/2021 12:00:00 AM,068XX S EMERALD AVE,1154,DECEPTIVE PRACTICE,FINANCIAL IDENTITY THEFT $300 AND UNDER,APARTMENT,N,N,723,6,11,,,,,
3018,194990,JF117112,11/20/2021 03:38:00 PM,017XX W 21ST ST,0810,THEFT,OVER $500,APARTMENT,N,N,1234,25,06,,,,,
3019,194997,JE287394,07/02/2021 02:01:00 PM,038XX W FLOURNOY ST,2014,NARCOTICS,MANUFACTURE / DELIVER -  HEROIN (WHITE),SIDEWALK,Y,N,1133,24,18,,,,,
3020,195018,JF116413,12/23/2021 07:00:00 PM,010XX W 93RD ST,1154,DECEPTIVE PRACTICE,FINANCIAL IDENTITY THEFT $300 AND UNDER,RESIDENCE,N,N,2222,21,11,,,,,
3021,195024,JF149071,11/07/2021 12:30:00 AM,005XX N MICHIGAN AVE,0281,CRIMINAL SEXUAL ASSAULT,NON-AGGRAVATED,HOTEL / MOTEL,N,N,1834,42,02,,,,,
3022,195045,JF130948,12/31/2021 01:00:00 PM,070XX S CHAPPEL AVE,0890,THEFT,FROM BUILDING,APARTMENT,N,N,331,5,06,,,,,
3023,195062,JF148866,12/05/2021 12:00:00 AM,045XX N CLARENDON AVE,1752,OFFENSE INVOLVING CHILDREN,AGGRAVATED CRIMINAL SEXUAL ABUSE BY FAMILY MEMBER,APARTMENT,N,Y,1914,46,17,,,,,
3024,195073,JE190289,04/05/2021 03:12:00 PM,036XX W FLOURNOY ST,2014,NARCOTICS,MANUFACTURE / DELIVER -  HEROIN (WHITE),VEHICLE NON-COMMERCIAL,Y,N,1133,24,18,,,,,
3025,195078,JF117117,11/30/2021 03:21:00 PM,017XX W 21ST ST,0820,THEFT,$500 AND UNDER,APARTMENT,N,N,1234,25,06,,,,,
3026,195116,JE429997,11/01/2021 11:00:00 AM,033XX W FILLMORE ST,2093,NARCOTICS,FOUND SUSPECT NARCOTICS,POLICE FACILITY / VEHICLE PARKING LOT,Y,N,1134,24,18,,,,,
3027,195117,JF149043,04/19/2021 04:00:00 AM,040XX W WASHINGTON BLVD,2820,OTHER OFFENSE,TELEPHONE THREAT,RESIDENCE,N,Y,1114,28,08A,,,,,
3028,195143,JE289618,07/04/2021 10:45:00 AM,006XX N LAWNDALE AVE,2014,NARCOTICS,MANUFACTURE / DELIVER -  HEROIN (WHITE),SIDEWALK,Y,N,1122,27,18,,,,,
3029,195154,JE385353,09/24/2021 08:45:00 AM,033XX W FILLMORE ST,2093,NARCOTICS,FOUND SUSPECT NARCOTICS,POLICE FACILITY / VEHICLE PARKING LOT,Y,N,1134,24,18,,,,,
3030,195155,JE192232,04/07/2021 11:21:00 AM,041XX W WILCOX ST,2014,NARCOTICS,MANUFACTURE / DELIVER -  HEROIN (WHITE),SIDEWALK,Y,N,1115,28,18,,,,,
3031,195163,JF117465,11/03/2021 06:30:00 PM,013XX S CLINTON ST,0910,MOTOR VEHICLE THEFT,AUTOMOBILE,PARKING LOT / GARAGE (NON RESIDENTIAL),N,N,124,11,07,,,,,
3032,195194,JE391378,09/29/2021 09:00:00 AM,033XX W FILLMORE ST,2093,NARCOTICS,FOUND SUSPECT NARCOTICS,POLICE FACILITY / VEHICLE PARKING LOT,Y,N,1134,24,18,,,,,
3033,195195,JF148496,02/12/2022 05:17:00 PM,017XX N MARCEY ST,0860,THEFT,RETAIL THEFT,TAVERN / LIQUOR STORE,N,N,1811,2,06,,,,,
3034,195244,JE190274,04/05/2021 02:43:00 PM,031XX W ARTHINGTON ST,2014,NARCOTICS,MANUFACTURE / DELIVER -  HEROIN (WHITE),VEHICLE NON-COMMERCIAL,Y,N,1134,24,18,,,,,
3035,195254,JF143878,02/12/2022 11:00:00 AM,055XX N ELSTON AVE,0810,THEFT,OVER $500,FACTORY / MANUFACTURING BUILDING,N,N,1621,39,06,,,,,
3036,195255,JE250043,06/01/2021 01:55:00 PM,039XX W OGDEN AVE,2014,NARCOTICS,MANUFACTURE / DELIVER -  HEROIN (WHITE),PARKING LOT / GARAGE (NON RESIDENTIAL),Y,N,1013,22,18,,,,,
3037,195288,JE287091,07/02/2021 10:47:00 AM,035XX W IOWA ST,2014,NARCOTICS,MANUFACTURE / DELIVER -  HEROIN (WHITE),VEHICLE NON-COMMERCIAL,Y,N,1121,27,18,,,,,
3038,195320,JE442529,11/12/2021 10:30:00 AM,033XX W FILLMORE ST,2093,NARCOTICS,FOUND SUSPECT NARCOTICS,POLICE FACILITY / VEHICLE PARKING LOT,Y,N,1134,24,18,,,,,
3039,195373,JF169296,03/04/2022 08:43:00 AM,0000X W Kinzie St,0820,THEFT,$500 AND UNDER,PARKING LOT / GARAGE (NON RESIDENTIAL),N,N,1831,42,06,,,,,
3040,195385,JF169638,12/03/2021 12:00:00 PM,122XX S ELIZABETH ST,1120,DECEPTIVE PRACTICE,FORGERY,STREET,N,N,524,34,10,,,,,
3041,195397,JF129900,08/31/2021 12:00:00 AM,069XX S OAKLEY AVE,1153,DECEPTIVE PRACTICE,FINANCIAL IDENTITY THEFT OVER $ 300,APARTMENT,N,N,832,17,11,,,,,
3042,195414,JF169450,02/15/2022 10:53:00 AM,075XX N CLARK ST,0860,THEFT,RETAIL THEFT,SMALL RETAIL STORE,N,N,2422,49,06,,,,,
3043,195427,JF166807,03/04/2022 06:00:00 PM,021XX N DOMINICK ST,0820,THEFT,$500 AND UNDER,STREET,N,N,1811,2,06,,,,,
3044,195468,JF169396,11/18/2021 02:00:00 AM,003XX E SOUTH WATER ST,2825,OTHER OFFENSE,HARASSMENT BY TELEPHONE,APARTMENT,N,N,114,42,26,,,,,
3045,195469,JF169496,10/13/2021 10:12:00 AM,055XX N LINCOLN AVE,1153,DECEPTIVE PRACTICE,FINANCIAL IDENTITY THEFT OVER $ 300,RESTAURANT,N,N,2011,40,11,,,,,
3046,195477,JF116884,12/29/2021 11:54:00 AM,084XX S BAKER AVE,0810,THEFT,OVER $500,RESIDENCE - PORCH / HALLWAY,N,N,424,10,06,,,,,
3047,195507,JF147329,02/13/2022 01:52:00 PM,020XX W WASHINGTON BLVD,0820,THEFT,$500 AND UNDER,RESIDENCE - PORCH / HALLWAY,N,N,1223,27,06,,,,,
3048,195598,JF169584,03/04/2022 10:47:00 AM,025XX W CONGRESS PKWY,0820,THEFT,$500 AND UNDER,APARTMENT,N,N,1135,28,06,,,,,
3049,195639,JF130034,12/01/2021 12:00:00 AM,049XX N WOLCOTT AVE,1154,DECEPTIVE PRACTICE,FINANCIAL IDENTITY THEFT $300 AND UNDER,OTHER (SPECIFY),N,N,2032,47,11,,,,,
3050,195666,JF166822,03/04/2022 07:35:00 AM,070XX S CHAPPEL AVE,1153,DECEPTIVE PRACTICE,FINANCIAL IDENTITY THEFT OVER $ 300,,N,N,331,5,11,,,,,
3051,195696,JF169592,12/14/2021 05:00:00 PM,046XX W 63RD ST,0810,THEFT,OVER $500,RESIDENCE,N,N,813,13,06,,,,,
3052,195700,JF165243,03/04/2022 03:05:00 PM,007XX N GREEN ST,0820,THEFT,$500 AND UNDER,SCHOOL - PRIVATE GROUNDS,N,N,1214,27,06,,,,,
3053,195717,JF146304,02/13/2022 06:45:00 PM,009XX N Rush St,0810,THEFT,OVER $500,CTA TRAIN,N,N,1833,42,06,,,,,
3054,195720,JF130363,12/10/2021 02:00:00 PM,001XX W ADAMS ST,0870,THEFT,POCKET-PICKING,HOTEL / MOTEL,N,N,122,42,06,,,,,
3055,195729,JE207956,04/21/2021 01:00:00 PM,021XX W LAKE ST,1330,CRIMINAL TRESPASS,TO LAND,COMMERCIAL / BUSINESS OFFICE,N,N,1223,27,26,,,,,
3056,195790,JF130724,12/25/2021 10:00:00 AM,006XX W 48TH PL,1120,DECEPTIVE PRACTICE,FORGERY,RESIDENCE,N,N,935,11,10,,,,,
3057,195797,JF131140,12/30/2021 08:00:00 PM,031XX N WASHTENAW AVE,1320,CRIMINAL DAMAGE,TO VEHICLE,STREET,N,N,1411,33,14,,,,,
3058,195830,JF112756,12/24/2021 03:00:00 PM,051XX W 64TH PL,1110,DECEPTIVE PRACTICE,BOGUS CHECK,RESIDENCE,N,N,813,13,11,,,,,
3059,195844,JE388151,09/26/2021 04:42:00 PM,013XX W HASTINGS ST,0810,THEFT,OVER $500,SIDEWALK,N,N,1233,25,06,,,,,
3060,195867,JF116676,12/23/2021 02:00:00 PM,011XX W GEORGE ST,1153,DECEPTIVE PRACTICE,FINANCIAL IDENTITY THEFT OVER $ 300,RESIDENCE,N,N,1933,44,11,,,,,
3061,195875,JE380361,09/20/2021 06:00:00 AM,0000X W CTA OHARE PLATFORM ST,0320,ROBBERY,STRONG ARM - NO WEAPON,CTA TRAIN,N,N,1654,41,03,,,,,
3062,195893,JF116436,12/21/2021 03:45:00 PM,029XX W LUNT AVE,0890,THEFT,FROM BUILDING,RESIDENCE,N,N,2411,50,06,,,,,
3063,195909,JF130649,12/31/2021 08:00:00 PM,044XX W 16TH ST,0820,THEFT,$500 AND UNDER,PARKING LOT / GARAGE (NON RESIDENTIAL),N,N,1012,24,06,,,,,
3064,195935,JF169566,12/22/2021 12:00:00 PM,026XX W TOUHY AVE,1120,DECEPTIVE PRACTICE,FORGERY,NURSING / RETIREMENT HOME,N,N,2411,50,10,,,,,
3065,195944,JF124397,01/26/2022 12:00:00 AM,075XX N OKETO AVE,1360,CRIMINAL TRESPASS,TO VEHICLE,ALLEY,N,N,1611,41,26,,,,,
3066,195972,JF131040,10/01/2021 08:18:00 PM,005XX E 89TH ST,1153,DECEPTIVE PRACTICE,FINANCIAL IDENTITY THEFT OVER $ 300,RESIDENCE,N,N,632,9,11,,,,,
3067,196016,JF116456,12/23/2021 09:00:00 AM,074XX N CLAREMONT AVE,1120,DECEPTIVE PRACTICE,FORGERY,APARTMENT,N,N,2411,50,10,,,,,
3068,196021,JF117122,12/14/2021 01:00:00 PM,060XX N KILBOURN AVE,0610,BURGLARY,FORCIBLE ENTRY,RESIDENCE,N,N,1711,39,05,,,,,
3069,196022,JF131202,11/17/2021 12:00:00 AM,025XX W FOSTER AVE,1153,DECEPTIVE PRACTICE,FINANCIAL IDENTITY THEFT OVER $ 300,APARTMENT,N,N,2011,40,11,,,,,
3070,196044,JF130842,12/28/2021 11:38:00 PM,018XX W 74TH ST,2820,OTHER OFFENSE,TELEPHONE THREAT,CTA STATION,N,N,735,17,08A,,,,,
3071,196084,JF117038,11/18/2021 08:59:00 AM,128XX S PEORIA ST,2826,OTHER OFFENSE,HARASSMENT BY ELECTRONIC MEANS,RESIDENCE,N,N,523,34,26,,,,,
3072,196085,JF116534,12/31/2021 01:00:00 PM,004XX W ONTARIO ST,1140,DECEPTIVE PRACTICE,EMBEZZLEMENT,COMMERCIAL / BUSINESS OFFICE,N,N,1831,42,12,,,,,
3073,196086,JF117069,12/20/2021 12:00:00 PM,056XX W 64TH PL,1153,DECEPTIVE PRACTICE,FINANCIAL IDENTITY THEFT OVER $ 300,RESIDENCE,N,N,812,13,11,,,,,
3074,196097,JF116675,12/10/2021 11:30:00 AM,050XX S LAKE SHORE DR SB,0810,THEFT,OVER $500,PARKING LOT / GARAGE (NON RESIDENTIAL),N,N,222,5,06,,,,,
3075,196140,JF169509,12/01/2021 12:00:00 AM,069XX S ROCKWELL ST,1310,CRIMINAL DAMAGE,TO PROPERTY,APARTMENT,N,N,832,17,14,,,,,
3076,196214,JE489787,12/27/2021 05:57:00 AM,054XX W GRACE ST,0486,BATTERY,DOMESTIC BATTERY SIMPLE,RESIDENCE,N,Y,1633,38,08B,,,,,
3077,196228,JF116836,12/31/2021 05:02:00 AM,001XX S DEARBORN ST,1310,CRIMINAL DAMAGE,TO PROPERTY,PARKING LOT / GARAGE (NON RESIDENTIAL),N,N,112,42,14,,,,,
3078,196243,JF117071,12/05/2021 12:00:00 AM,042XX S COTTAGE GROVE AVE,1150,DECEPTIVE PRACTICE,CREDIT CARD FRAUD,APARTMENT,N,N,214,4,11,,,,,
3079,196269,JF116804,11/10/2021 12:00:00 AM,064XX S FAIRFIELD AVE,1150,DECEPTIVE PRACTICE,CREDIT CARD FRAUD,RESIDENCE,N,N,825,17,11,,,,,
3080,196273,JF116847,12/13/2021 12:00:00 PM,012XX W 115TH ST,1153,DECEPTIVE PRACTICE,FINANCIAL IDENTITY THEFT OVER $ 300,RESIDENCE,N,N,524,34,11,,,,,
3081,196289,JE484154,12/19/2021 05:00:00 AM,056XX W WASHINGTON BLVD,1310,CRIMINAL DAMAGE,TO PROPERTY,RESIDENCE,N,Y,1512,29,14,,,,,
3082,196314,JF130928,08/01/2021 09:00:00 AM,013XX N CICERO AVE,0820,THEFT,$500 AND UNDER,AUTO / BOAT / RV DEALERSHIP,N,N,2533,37,06,,,,,
3083,196318,JF116867,12/23/2021 12:00:00 AM,021XX S CLARK ST,0820,THEFT,$500 AND UNDER,APARTMENT,N,N,131,3,06,,,,,
3084,196322,JF116565,11/30/2021 07:00:00 AM,023XX W SCHUBERT AVE,0910,MOTOR VEHICLE THEFT,AUTOMOBILE,STREET,N,N,1432,32,07,,,,,
3085,196342,JF117484,12/24/2021 09:00:00 AM,0000X E OAK ST,1122,DECEPTIVE PRACTICE,COUNTERFEIT CHECK,SMALL RETAIL STORE,N,N,1833,42,10,,,,,
3086,196350,JF130086,05/01/2021 03:00:00 PM,028XX N KIMBALL AVE,1153,DECEPTIVE PRACTICE,FINANCIAL IDENTITY THEFT OVER $ 300,STREET,N,N,1412,35,11,,,,,
3087,196352,JF117052,11/30/2021 11:00:00 AM,014XX S BLUE ISLAND AVE,0620,BURGLARY,UNLAWFUL ENTRY,APARTMENT,N,N,1232,25,05,,,,,
3088,196363,JF117120,12/31/2021 03:35:00 PM,054XX W RACE AVE,0910,MOTOR VEHICLE THEFT,AUTOMOBILE,STREET,N,N,1523,37,07,,,,,
3089,196364,JF116981,07/22/2021 12:01:00 AM,077XX S WOOD ST,1155,DECEPTIVE PRACTICE,AGGRAVATED FINANCIAL IDENTITY THEFT,RESIDENCE,N,N,611,17,11,,,,,
3090,196368,JF149606,12/11/2021 06:00:00 PM,035XX W PIERCE AVE,2826,OTHER OFFENSE,HARASSMENT BY ELECTRONIC MEANS,RESIDENCE,N,N,1422,26,26,,,,,
3091,196376,JF131101,12/18/2021 12:00:00 PM,055XX S NEVA AVE,4387,OTHER OFFENSE,VIOLATE ORDER OF PROTECTION,RESIDENCE,N,Y,811,23,26,,,,,
3092,196411,JF125330,01/26/2022 06:44:00 AM,031XX W 36TH ST,0810,THEFT,OVER $500,PARKING LOT / GARAGE (NON RESIDENTIAL),N,N,911,12,06,,,,,
3093,196419,JF163195,03/04/2022 01:13:00 PM,033XX W FULLERTON AVE,0860,THEFT,RETAIL THEFT,DRUG STORE,N,N,1413,35,06,,,,,
3094,196427,JF116825,12/17/2021 10:00:00 AM,006XX W ARLINGTON PL,0620,BURGLARY,UNLAWFUL ENTRY,APARTMENT,N,N,1935,43,05,,,,,
3095,196441,JF130918,07/09/2021 12:00:00 AM,054XX N LINCOLN AVE,1563,SEX OFFENSE,CRIMINAL SEXUAL ABUSE,APARTMENT,N,N,2011,40,17,,,,,
3096,196449,JF130999,12/21/2021 12:00:00 PM,060XX W LAWRENCE AVE,0810,THEFT,OVER $500,RESIDENCE,N,N,1622,38,06,,,,,
3097,196465,JF130919,12/24/2021 11:00:00 AM,067XX S CLAREMONT AVE,1153,DECEPTIVE PRACTICE,FINANCIAL IDENTITY THEFT OVER $ 300,APARTMENT,N,N,832,17,11,,,,,
3098,196470,JF130390,12/06/2021 07:41:00 PM,008XX S LOOMIS ST,0820,THEFT,$500 AND UNDER,APARTMENT,N,N,1231,28,06,,,,,
3099,196495,JF128752,01/26/2022 11:05:00 AM,0000X E Oak st,0890,THEFT,FROM BUILDING,APARTMENT,N,N,1824,42,06,,,,,
3100,196513,JF131126,04/19/2021 09:00:00 AM,087XX W EVELYN LN,1120,DECEPTIVE PRACTICE,FORGERY,APARTMENT,N,N,1614,41,10,,,,,
3101,196539,JF130568,10/11/2021 02:27:00 PM,065XX S KIMBARK AVE,0890,THEFT,FROM BUILDING,APARTMENT,N,N,321,20,06,,,,,
3102,196575,JF130830,12/30/2021 10:00:00 AM,037XX W CORNELIA AVE,0820,THEFT,$500 AND UNDER,STREET,N,N,1732,30,06,,,,,
3103,196576,JF130354,12/23/2021 05:20:00 PM,011XX N LAKE SHORE DR,1130,DECEPTIVE PRACTICE,FRAUD OR CONFIDENCE GAME,RESIDENCE,N,N,1824,2,11,,,,,
3104,196590,JF131081,12/04/2021 12:15:00 AM,010XX W CATALPA AVE,0486,BATTERY,DOMESTIC BATTERY SIMPLE,APARTMENT,N,Y,2023,48,08B,,,,,
3105,196591,JF130659,10/25/2021 12:00:00 PM,095XX S CONSTANCE AVE,1153,DECEPTIVE PRACTICE,FINANCIAL IDENTITY THEFT OVER $ 300,APARTMENT,N,N,431,7,11,,,,,
3106,196610,JF131075,12/14/2021 03:00:00 PM,049XX S DREXEL BLVD,1153,DECEPTIVE PRACTICE,FINANCIAL IDENTITY THEFT OVER $ 300,APARTMENT,N,N,223,4,11,,,,,
3107,196624,JF130469,01/07/2022 04:10:00 PM,070XX S HARPER AVE,0810,THEFT,OVER $500,APARTMENT,N,N,332,5,06,,,,,
3108,196650,JF167908,03/04/2022 12:10:00 PM,111XX S Corliss Ave,0870,THEFT,POCKET-PICKING,GAS STATION,N,N,531,9,06,,,,,
3109,196673,JF149373,10/10/2021 10:00:00 PM,024XX W MADISON ST,051A,ASSAULT,AGGRAVATED - HANDGUN,APARTMENT,N,Y,1222,27,04A,,,,,
3110,196739,JF149279,12/30/2021 09:00:00 AM,002XX N CLARK ST,1206,DECEPTIVE PRACTICE,"THEFT BY LESSEE, MOTOR VEHICLE",STREET,N,N,122,42,11,,,,,
3111,196757,JF149663,12/10/2021 09:00:00 PM,022XX N KEELER AVE,2826,OTHER OFFENSE,HARASSMENT BY ELECTRONIC MEANS,RESIDENCE,N,Y,2525,35,26,,,,,
3112,196844,JF149651,12/28/2021 04:00:00 PM,049XX N WASHTENAW AVE,1120,DECEPTIVE PRACTICE,FORGERY,APARTMENT,N,N,2031,40,10,,,,,
3113,196885,JF131877,11/22/2021 08:00:00 AM,011XX S WESTERN AVE,0810,THEFT,OVER $500,APARTMENT,N,N,1225,28,06,,,,,
3114,196907,JF149763,11/17/2021 12:01:00 AM,018XX N MILWAUKEE AVE,1120,DECEPTIVE PRACTICE,FORGERY,APARTMENT,N,N,1434,32,10,,,,,
3115,197022,JF131783,12/21/2021 09:07:00 AM,015XX N CLYBOURN AVE,0860,THEFT,RETAIL THEFT,GROCERY FOOD STORE,N,N,1822,27,06,,,,,
3116,197036,JF149414,11/12/2021 12:00:00 PM,077XX S MARSHFIELD AVE,0810,THEFT,OVER $500,APARTMENT,N,N,611,17,06,,,,,
3117,197040,JF117023,11/29/2021 12:00:00 AM,022XX N JANSSEN AVE,2826,OTHER OFFENSE,HARASSMENT BY ELECTRONIC MEANS,RESIDENCE,N,Y,1811,2,26,,,,,
3118,197053,JF116441,12/23/2021 12:17:00 AM,037XX W BRYN MAWR AVE,2826,OTHER OFFENSE,HARASSMENT BY ELECTRONIC MEANS,SCHOOL - PUBLIC BUILDING,N,N,1711,39,26,,,,,
3119,197071,JF116749,12/17/2021 12:00:00 PM,004XX W 80TH ST,0890,THEFT,FROM BUILDING,SCHOOL - PUBLIC BUILDING,N,N,621,17,06,,,,,
3120,197080,JF116437,12/27/2021 10:30:00 AM,058XX N WESTERN AVE,0820,THEFT,$500 AND UNDER,VEHICLE NON-COMMERCIAL,N,N,2011,40,06,,,,,
3121,197088,JE480806,12/15/2021 05:00:00 PM,053XX W WARWICK AVE,0810,THEFT,OVER $500,RESIDENCE,N,N,1634,38,06,,,,,
3122,197090,JF116902,01/09/2022 07:00:00 AM,057XX S CICERO AVE,0890,THEFT,FROM BUILDING,AIRPORT TERMINAL LOWER LEVEL - SECURE AREA,N,N,813,23,06,,,,,
3123,197112,JE490552,12/27/2021 05:30:00 PM,019XX W NORTH AVE,0910,MOTOR VEHICLE THEFT,AUTOMOBILE,STREET,N,N,1424,2,07,,,,,
3124,197130,JF116838,12/22/2021 02:30:00 PM,102XX W ZEMKE RD,1206,DECEPTIVE PRACTICE,"THEFT BY LESSEE, MOTOR VEHICLE",COMMERCIAL / BUSINESS OFFICE,N,N,1654,41,11,,,,,
3125,197159,JF116979,10/13/2021 09:19:00 AM,055XX S FAIRFIELD AVE,2820,OTHER OFFENSE,TELEPHONE THREAT,APARTMENT,N,N,824,15,08A,,,,,
3126,197196,JF116588,10/01/2021 09:00:00 AM,032XX N SACRAMENTO AVE,0460,BATTERY,SIMPLE,SCHOOL - PUBLIC BUILDING,N,N,1733,33,08B,,,,,
3127,197206,JF117022,10/01/2021 10:30:00 PM,071XX W SCHREIBER AVE,1153,DECEPTIVE PRACTICE,FINANCIAL IDENTITY THEFT OVER $ 300,,N,N,1611,41,11,,,,,
3128,197248,JF150258,09/29/2021 12:00:00 AM,044XX W ARMITAGE AVE,1242,DECEPTIVE PRACTICE,COMPUTER FRAUD,APARTMENT,N,N,2522,36,11,,,,,
3129,197258,JF116483,09/13/2021 12:00:00 AM,045XX N ST LOUIS AVE,1210,DECEPTIVE PRACTICE,THEFT OF LABOR / SERVICES,RESIDENCE,N,N,1723,33,11,,,,,
3130,197267,JF115770,10/22/2021 12:00:00 PM,094XX S JUSTINE ST,1585,SEX OFFENSE,OTHER,GOVERNMENT BUILDING / PROPERTY,N,N,2221,21,17,,,,,
3131,197295,JF146245,02/13/2022 01:00:00 AM,049XX S LECLAIRE AVE,0810,THEFT,OVER $500,RESIDENCE,N,N,814,22,06,,,,,
3132,197387,JF125906,01/27/2022 01:13:00 PM,005XX S CLARK ST,0880,THEFT,PURSE-SNATCHING,SIDEWALK,N,N,123,4,06,,,,,
3133,197445,JE469304,11/30/2021 07:30:00 PM,001XX W MAPLE ST,0820,THEFT,$500 AND UNDER,RESIDENCE,N,N,1824,27,06,,,,,
3134,197471,JF117799,11/12/2021 11:00:00 PM,045XX N BROADWAY,1110,DECEPTIVE PRACTICE,BOGUS CHECK,APARTMENT,N,N,1913,46,11,,,,,
3135,197501,JF118011,12/30/2021 08:00:00 AM,010XX N MASON AVE,1154,DECEPTIVE PRACTICE,FINANCIAL IDENTITY THEFT $300 AND UNDER,DRUG STORE,N,N,1511,29,11,,,,,
3136,197512,JE482796,11/09/2021 05:25:00 PM,048XX S LA CROSSE AVE,0430,BATTERY,AGGRAVATED - OTHER DANGEROUS WEAPON,STREET,N,N,814,22,04B,,,,,
3137,197530,JE465718,12/04/2021 12:00:00 AM,019XX W OGDEN AVE,0430,BATTERY,AGGRAVATED - OTHER DANGEROUS WEAPON,SIDEWALK,N,N,1231,27,04B,,,,,
3138,197572,JF131739,12/01/2021 10:10:00 AM,059XX S MENARD AVE,1153,DECEPTIVE PRACTICE,FINANCIAL IDENTITY THEFT OVER $ 300,,N,N,812,13,11,,,,,
3139,197585,JF117731,10/22/2021 12:00:00 AM,009XX W ARMITAGE AVE,1150,DECEPTIVE PRACTICE,CREDIT CARD FRAUD,BAR OR TAVERN,N,N,1812,43,11,,,,,
3140,197615,JF117887,12/02/2021 08:00:00 AM,017XX W MAYPOLE AVE,0910,MOTOR VEHICLE THEFT,AUTOMOBILE,STREET,N,N,1224,27,07,,,,,
3141,197664,JF165187,03/05/2022 03:45:00 PM,012XX S LAKE SHORE DR E,0890,THEFT,FROM BUILDING,OTHER (SPECIFY),N,N,132,4,06,,,,,
3142,197684,JF132050,11/29/2021 01:32:00 PM,056XX S EMERALD AVE,1752,OFFENSE INVOLVING CHILDREN,AGGRAVATED CRIMINAL SEXUAL ABUSE BY FAMILY MEMBER,RESIDENCE,N,Y,711,20,17,,,,,
3143,197693,JF117963,11/05/2021 11:00:00 AM,084XX S KIMBARK AVE,1320,CRIMINAL DAMAGE,TO VEHICLE,RESIDENCE,N,N,412,8,14,,,,,
3144,197715,JF132017,12/24/2021 04:25:00 PM,035XX W PALMER ST,0890,THEFT,FROM BUILDING,OTHER (SPECIFY),N,N,1413,35,06,,,,,
3145,197732,JF126966,01/27/2022 10:22:00 PM,0000X W TERMINAL ST,0820,THEFT,$500 AND UNDER,AIRPORT BUILDING NON-TERMINAL - SECURE AREA,N,N,1651,41,06,,,,,
3146,197750,JF170030,03/05/2022 08:29:00 PM,075XX N CLARK ST,0860,THEFT,RETAIL THEFT,SMALL RETAIL STORE,N,N,2422,49,06,,,,,
3147,197754,JF127288,10/31/2021 12:00:00 AM,051XX S DR MARTIN LUTHER KING JR DR,2826,OTHER OFFENSE,HARASSMENT BY ELECTRONIC MEANS,APARTMENT,N,Y,231,3,26,,,,,
3148,197765,JF131629,12/27/2021 07:00:00 AM,011XX E 61ST ST,0820,THEFT,$500 AND UNDER,RESIDENCE - PORCH / HALLWAY,N,N,314,20,06,,,,,
3149,197769,JF112917,01/13/2022 02:00:00 AM,023XX N ELSTON AVE,0810,THEFT,OVER $500,STREET,N,N,1432,32,06,,,,,
3150,197812,JF131893,09/24/2021 02:00:00 PM,128XX S COMMERCIAL AVE,1152,DECEPTIVE PRACTICE,ILLEGAL USE CASH CARD,RESIDENCE,N,N,433,10,11,,,,,
3151,197857,JF132087,10/16/2021 11:49:00 AM,048XX N CLAREMONT AVE,2820,OTHER OFFENSE,TELEPHONE THREAT,RESIDENCE,N,Y,2031,47,08A,,,,,
3152,197895,JF131744,12/21/2021 08:00:00 PM,007XX W GRAND AVE,0810,THEFT,OVER $500,VEHICLE NON-COMMERCIAL,N,N,1214,27,06,,,,,
3153,197980,JF131578,12/20/2021 07:00:00 AM,011XX E 61ST ST,0890,THEFT,FROM BUILDING,RESIDENCE - PORCH / HALLWAY,N,N,314,20,06,,,,,
3154,198050,JF131689,09/21/2021 08:00:00 AM,017XX W ALTGELD ST,1153,DECEPTIVE PRACTICE,FINANCIAL IDENTITY THEFT OVER $ 300,,N,N,1931,32,11,,,,,
3155,198084,JF132376,04/24/2021 06:00:00 AM,085XX S ESSEX AVE,1170,DECEPTIVE PRACTICE,IMPERSONATION,RESIDENCE,N,N,423,7,11,,,,,
3156,198166,JF126942,01/27/2022 12:00:00 AM,014XX W CHICAGO AVE,1320,CRIMINAL DAMAGE,TO VEHICLE,STREET,N,N,1215,27,14,,,,,
3157,198182,JF132729,01/26/2022 01:00:00 PM,019XX W FULTON ST,0890,THEFT,FROM BUILDING,WAREHOUSE,N,N,1223,27,06,,,,,
3158,198302,JF117682,12/28/2021 12:00:00 AM,130XX S DREXEL AVE,0810,THEFT,OVER $500,CHA APARTMENT,N,N,533,9,06,,,,,
3159,198322,JE302106,07/15/2021 10:33:00 AM,004XX S HOMAN AVE,2024,NARCOTICS,POSSESS - HEROIN (WHITE),SIDEWALK,Y,N,1134,28,18,,,,,
3160,198345,JF128027,01/28/2022 08:04:00 AM,051XX S PULASKI RD,0810,THEFT,OVER $500,CTA PARKING LOT / GARAGE / OTHER PROPERTY,N,N,815,23,06,,,,,
3161,198353,JF132794,11/28/2021 05:00:00 AM,015XX N HAMLIN AVE,1581,SEX OFFENSE,NON-CONSENSUAL DISSEMINATION OF PRIVATE SEXUAL IMAGES,APARTMENT,N,N,2535,26,17,,,,,
3162,198410,JF118030,05/14/2021 09:00:00 AM,054XX S CHRISTIANA AVE,1153,DECEPTIVE PRACTICE,FINANCIAL IDENTITY THEFT OVER $ 300,RESIDENCE,N,N,822,14,11,,,,,
3163,198415,JF116380,12/31/2021 06:30:00 AM,080XX S EVANS AVE,031A,ROBBERY,ARMED - HANDGUN,STREET,N,N,631,6,03,,,,,
3164,198418,JF117280,11/15/2021 01:21:00 PM,024XX N MONTICELLO AVE,1751,OFFENSE INVOLVING CHILDREN,CRIMINAL SEXUAL ABUSE BY FAMILY MEMBER,APARTMENT,N,N,2524,31,17,,,,,
3165,198426,JF117817,11/30/2021 11:00:00 AM,021XX W WARNER AVE,1154,DECEPTIVE PRACTICE,FINANCIAL IDENTITY THEFT $300 AND UNDER,APARTMENT,N,N,1911,47,11,,,,,
3166,198433,JF117641,12/10/2021 12:00:00 AM,050XX S CORNELL AVE,1156,DECEPTIVE PRACTICE,ATTEMPT - FINANCIAL IDENTITY THEFT,APARTMENT,N,N,222,5,11,,,,,
3167,198439,JF117659,12/01/2021 10:00:00 AM,059XX W SCHOOL ST,1110,DECEPTIVE PRACTICE,BOGUS CHECK,RESIDENCE,N,N,1633,30,11,,,,,
3168,198470,JF117895,06/15/2021 12:00:00 AM,003XX E 133RD ST,0810,THEFT,OVER $500,SCHOOL - PUBLIC GROUNDS,N,N,533,9,06,,,,,
3169,198492,JF118017,09/01/2021 10:00:00 AM,065XX S WINCHESTER AVE,1581,SEX OFFENSE,NON-CONSENSUAL DISSEMINATION OF PRIVATE SEXUAL IMAGES,RESIDENCE,N,Y,726,15,17,,,,,
3170,198493,JF117873,09/20/2021 01:00:00 PM,013XX S CANAL ST,1220,DECEPTIVE PRACTICE,THEFT OF LOST / MISLAID PROPERTY,GROCERY FOOD STORE,N,N,124,11,11,,,,,
3171,198497,JF117670,03/29/2021 10:00:00 AM,116XX S ABERDEEN ST,1154,DECEPTIVE PRACTICE,FINANCIAL IDENTITY THEFT $300 AND UNDER,RESIDENCE,N,N,524,34,11,,,,,
3172,198504,JF117684,12/01/2021 12:00:00 AM,049XX N MARINE DR,0820,THEFT,$500 AND UNDER,APARTMENT,N,N,2024,48,06,,,,,
3173,198509,JF118511,12/02/2021 01:00:00 PM,010XX W 104TH ST,0560,ASSAULT,SIMPLE,RESIDENCE,N,Y,2232,34,08A,,,,,
3174,198538,JF118073,12/24/2021 09:00:00 AM,005XX N LECLAIRE AVE,5001,OTHER OFFENSE,OTHER CRIME INVOLVING PROPERTY,RESIDENCE,N,N,1532,37,26,,,,,
3175,198549,JF117819,09/13/2021 12:00:00 AM,043XX W 17TH ST,1155,DECEPTIVE PRACTICE,AGGRAVATED FINANCIAL IDENTITY THEFT,APARTMENT,N,N,1012,24,11,,,,,
3176,198574,JF117714,12/13/2021 12:00:00 AM,062XX S NORMANDY AVE,1150,DECEPTIVE PRACTICE,CREDIT CARD FRAUD,RESIDENCE,N,N,812,13,11,,,,,
3177,198581,JF117433,01/13/2022 06:22:00 PM,005XX N KINGSBURY ST,0810,THEFT,OVER $500,SIDEWALK,N,N,1831,42,06,,,,,
3178,198592,JF118308,12/08/2021 05:30:00 PM,035XX W POTOMAC AVE,1153,DECEPTIVE PRACTICE,FINANCIAL IDENTITY THEFT OVER $ 300,RESIDENCE,N,N,1422,26,11,,,,,
3179,198597,JE462937,10/21/2021 10:38:00 AM,023XX N SAYRE AVE,1752,OFFENSE INVOLVING CHILDREN,AGGRAVATED CRIMINAL SEXUAL ABUSE BY FAMILY MEMBER,RESIDENCE,N,Y,2512,36,17,,,,,
3180,198633,JE469324,10/01/2021 12:00:00 PM,083XX S MACKINAW AVE,1710,OFFENSE INVOLVING CHILDREN,ENDANGERING LIFE / HEALTH OF CHILD,SCHOOL - PUBLIC BUILDING,N,N,424,10,20,,,,,
3181,198643,JF118077,12/12/2021 03:57:00 AM,054XX W DRUMMOND PL,2820,OTHER OFFENSE,TELEPHONE THREAT,APARTMENT,N,N,2514,30,08A,,,,,
3182,198716,JF117850,12/13/2021 02:00:00 PM,092XX S STONY ISLAND AVE,1320,CRIMINAL DAMAGE,TO VEHICLE,PARKING LOT / GARAGE (NON RESIDENTIAL),N,N,413,8,14,,,,,
3183,198757,JF117526,11/16/2021 12:10:00 AM,054XX S WELLS ST,0810,THEFT,OVER $500,GAS STATION,N,N,935,3,06,,,,,
3184,198760,JF112326,01/13/2022 04:00:00 PM,091XX S GREENWOOD AVE,0810,THEFT,OVER $500,RESIDENCE,N,N,413,8,06,,,,,
3185,198777,JF114887,01/13/2022 05:30:00 AM,012XX S MICHIGAN AVE,0810,THEFT,OVER $500,RESIDENCE - GARAGE,N,N,131,3,06,,,,,
3186,198798,JF118135,11/11/2021 05:20:00 PM,047XX N MILWAUKEE AVE,0281,CRIMINAL SEXUAL ASSAULT,NON-AGGRAVATED,APARTMENT,N,N,1623,45,02,,,,,
3187,198804,JE179647,03/25/2021 04:48:00 PM,046XX S INDIANA AVE,2014,NARCOTICS,MANUFACTURE / DELIVER -  HEROIN (WHITE),SIDEWALK,Y,N,215,3,18,,,,,
3188,198813,JF117656,11/01/2021 06:00:00 PM,050XX W ARGYLE ST,0810,THEFT,OVER $500,RESIDENCE - GARAGE,N,N,1623,45,06,,,,,
3189,198830,JF118200,12/01/2021 12:00:00 AM,115XX S STATE ST,1150,DECEPTIVE PRACTICE,CREDIT CARD FRAUD,CHURCH / SYNAGOGUE / PLACE OF WORSHIP,N,N,522,34,11,,,,,
3190,198833,JF118234,10/19/2021 08:16:00 PM,061XX N SHERIDAN RD,2825,OTHER OFFENSE,HARASSMENT BY TELEPHONE,APARTMENT,N,N,2433,48,26,,,,,
3191,198839,JF117745,07/01/2021 06:00:00 AM,022XX E 70TH PL,2825,OTHER OFFENSE,HARASSMENT BY TELEPHONE,APARTMENT,N,N,331,5,26,,,,,
3192,198846,JF117880,12/31/2021 04:00:00 PM,064XX N GLENWOOD AVE,0820,THEFT,$500 AND UNDER,SIDEWALK,N,N,2432,49,06,,,,,
3193,198850,JF117900,12/15/2021 12:00:00 AM,007XX W WILLOW ST,1120,DECEPTIVE PRACTICE,FORGERY,RESIDENCE,N,N,1813,2,10,,,,,
3194,198854,JF117430,01/07/2022 09:20:00 PM,029XX S BONFIELD ST,1130,DECEPTIVE PRACTICE,FRAUD OR CONFIDENCE GAME,OTHER (SPECIFY),N,N,913,11,11,,,,,
3195,198861,JF117785,11/08/2021 04:00:00 PM,042XX N KENMORE AVE,1154,DECEPTIVE PRACTICE,FINANCIAL IDENTITY THEFT $300 AND UNDER,APARTMENT,N,N,1915,46,11,,,,,
3196,198891,JF117914,01/13/2022 09:00:00 AM,100XX W OHARE ST,0820,THEFT,$500 AND UNDER,AIRPORT TERMINAL UPPER LEVEL - SECURE AREA,N,N,1651,41,06,,,,,
3197,198898,JF117885,11/01/2021 12:00:00 PM,044XX W THOMAS ST,1122,DECEPTIVE PRACTICE,COUNTERFEIT CHECK,APARTMENT,N,N,1111,37,10,,,,,
3198,198902,JF114774,12/16/2021 12:00:00 PM,008XX W BUENA AVE,0810,THEFT,OVER $500,APARTMENT,N,N,1915,46,06,,,,,
3199,198908,JE320903,07/31/2021 10:03:00 AM,031XX W ARTHINGTON ST,2017,NARCOTICS,MANUFACTURE / DELIVER - CRACK,SIDEWALK,Y,N,1134,24,18,,,,,
3200,198921,JF117604,12/18/2021 07:30:00 PM,058XX S WENTWORTH AVE,0910,MOTOR VEHICLE THEFT,AUTOMOBILE,STREET,N,N,232,20,07,,,,,
3201,198924,JF112596,11/29/2021 09:00:00 AM,014XX S BLUE ISLAND AVE,1150,DECEPTIVE PRACTICE,CREDIT CARD FRAUD,APARTMENT,N,N,1232,25,11,,,,,
3202,198939,JF117722,12/25/2021 12:00:00 AM,080XX S CHAMPLAIN AVE,0910,MOTOR VEHICLE THEFT,AUTOMOBILE,STREET,N,N,631,6,07,,,,,
3203,198942,JF118580,12/17/2021 12:00:00 PM,047XX N HERMITAGE AVE,1156,DECEPTIVE PRACTICE,ATTEMPT - FINANCIAL IDENTITY THEFT,RESIDENCE,N,N,1912,47,11,,,,,
3204,198948,JF117769,10/11/2021 06:15:00 PM,057XX W MADISON ST,2826,OTHER OFFENSE,HARASSMENT BY ELECTRONIC MEANS,POLICE FACILITY / VEHICLE PARKING LOT,N,N,1513,29,26,,,,,
3205,198950,JF117761,10/10/2021 07:00:00 AM,004XX W 127TH ST,0810,THEFT,OVER $500,COMMERCIAL / BUSINESS OFFICE,N,N,523,9,06,,,,,
3206,198952,JF118257,12/10/2021 10:00:00 PM,004XX E WATERSIDE DR,1140,DECEPTIVE PRACTICE,EMBEZZLEMENT,RESIDENCE,N,N,114,42,12,,,,,
3207,198980,JF150616,06/01/2021 12:10:00 PM,002XX W 105TH ST,1153,DECEPTIVE PRACTICE,FINANCIAL IDENTITY THEFT OVER $ 300,,N,N,512,34,11,,,,,
3208,198981,JF170638,07/31/2021 02:52:00 PM,013XX N RITCHIE CT,1150,DECEPTIVE PRACTICE,CREDIT CARD FRAUD,APARTMENT,N,N,1824,43,11,,,,,
3209,198987,JF118776,11/11/2021 05:00:00 PM,014XX W 16TH ST,0820,THEFT,$500 AND UNDER,RESIDENCE,N,N,1233,25,06,,,,,
3210,198992,JF132556,12/26/2021 12:00:00 PM,026XX N HALSTED ST,0890,THEFT,FROM BUILDING,APARTMENT,N,N,1935,43,06,,,,,
3211,199012,JF118736,11/01/2021 09:00:00 AM,012XX S PULASKI RD,1150,DECEPTIVE PRACTICE,CREDIT CARD FRAUD,COMMERCIAL / BUSINESS OFFICE,N,N,1011,24,11,,,,,
3212,199023,JF118651,01/14/2022 10:00:00 PM,011XX E HYDE PARK BLVD,0820,THEFT,$500 AND UNDER,RESIDENCE - YARD (FRONT / BACK),N,N,222,4,06,,,,,
3213,199030,JE472255,12/10/2021 08:20:00 AM,078XX S COLES AVE,0496,BATTERY,AGGRAVATED DOMESTIC BATTERY - KNIFE / CUTTING INSTRUMENT,APARTMENT,N,Y,421,7,04B,,,,,
3214,199047,JF132745,12/22/2021 10:00:00 AM,001XX W ERIE ST,0820,THEFT,$500 AND UNDER,RESTAURANT,N,N,1832,42,06,,,,,
3215,199059,JF132775,11/30/2021 11:00:00 AM,100XX S COTTAGE GROVE AVE,1156,DECEPTIVE PRACTICE,ATTEMPT - FINANCIAL IDENTITY THEFT,RESIDENCE,N,N,511,8,11,,,,,
3216,199063,JF150483,01/31/2022 11:28:00 AM,064XX N ROCKWELL ST,0890,THEFT,FROM BUILDING,APARTMENT,N,N,2412,50,06,,,,,
3217,199077,JF150368,11/18/2021 01:00:00 PM,007XX W WILLOW ST,1720,OFFENSE INVOLVING CHILDREN,CONTRIBUTE TO THE DELINQUENCY OF CHILD,SCHOOL - PUBLIC GROUNDS,N,Y,1813,43,20,,,,,
3218,199089,JF150334,11/23/2021 07:00:00 PM,090XX S SOUTH CHICAGO AVE,0910,MOTOR VEHICLE THEFT,AUTOMOBILE,STREET,N,N,423,7,07,,,,,
3219,199091,JF169427,11/01/2021 12:00:00 AM,014XX W 95TH ST,1130,DECEPTIVE PRACTICE,FRAUD OR CONFIDENCE GAME,APARTMENT,N,N,2222,21,11,,,,,
3220,199097,JF132746,12/11/2021 12:00:00 AM,083XX S MAY ST,1150,DECEPTIVE PRACTICE,CREDIT CARD FRAUD,APARTMENT,N,N,613,21,11,,,,,
3221,199163,JF150555,11/30/2021 12:00:00 PM,047XX S DREXEL BLVD,0890,THEFT,FROM BUILDING,APARTMENT,N,N,223,4,06,,,,,
3222,199168,JF150633,04/30/2021 09:00:00 PM,003XX S DEARBORN ST,0810,THEFT,OVER $500,BAR OR TAVERN,N,N,113,4,06,,,,,
3223,199250,JF150342,09/06/2021 12:00:00 AM,059XX S ARTESIAN AVE,2825,OTHER OFFENSE,HARASSMENT BY TELEPHONE,APARTMENT,N,Y,824,16,26,,,,,
3224,199257,JF145483,02/14/2022 05:00:00 PM,015XX W Sherwin Ave,0890,THEFT,FROM BUILDING,RESIDENCE - PORCH / HALLWAY,N,N,2423,49,06,,,,,
3225,199266,JE493281,12/30/2021 06:00:00 PM,0000X N LARAMIE AVE,0560,ASSAULT,SIMPLE,RESIDENCE,N,Y,1522,28,08A,,,,,
3226,199277,JF150574,02/11/2022 07:00:00 PM,0000X W TERMINAL ST,0870,THEFT,POCKET-PICKING,AIRPORT BUILDING NON-TERMINAL - NON-SECURE AREA,N,N,1651,41,06,,,,,
3227,199283,JF149782,05/31/2021 12:00:00 AM,037XX S INDIANA AVE,0281,CRIMINAL SEXUAL ASSAULT,NON-AGGRAVATED,APARTMENT,N,N,212,3,02,,,,,
3228,199287,JF118634,06/12/2021 08:00:00 AM,012XX S PULASKI RD,1110,DECEPTIVE PRACTICE,BOGUS CHECK,COMMERCIAL / BUSINESS OFFICE,N,N,1011,24,11,,,,,
3229,199288,JF117866,07/20/2021 12:00:00 AM,008XX E 61ST ST,0820,THEFT,$500 AND UNDER,APARTMENT,N,N,235,20,06,,,,,
3230,199314,JF145500,02/14/2022 01:52:00 PM,069XX S DR MARTIN LUTHER KING JR DR,1153,DECEPTIVE PRACTICE,FINANCIAL IDENTITY THEFT OVER $ 300,,N,N,322,6,11,,,,,
3231,199368,JE179538,03/25/2021 03:30:00 PM,039XX W FILLMORE ST,2014,NARCOTICS,MANUFACTURE / DELIVER -  HEROIN (WHITE),VACANT LOT / LAND,Y,N,1132,24,18,,,,,
3232,199376,JF118808,11/10/2021 04:00:00 PM,004XX W ERIE ST,1122,DECEPTIVE PRACTICE,COUNTERFEIT CHECK,STREET,N,N,1831,42,10,,,,,
3233,199432,JF118981,12/23/2021 07:53:00 PM,071XX S VERNON AVE,0560,ASSAULT,SIMPLE,RESIDENCE - YARD (FRONT / BACK),N,N,323,6,08A,,,,,
3234,199459,JF118698,12/29/2021 12:00:00 AM,080XX S EXCHANGE AVE,051A,ASSAULT,AGGRAVATED - HANDGUN,APARTMENT,N,N,422,7,04A,,,,,
3235,199470,JF150953,05/01/2021 12:01:00 AM,025XX N LOWELL AVE,1563,SEX OFFENSE,CRIMINAL SEXUAL ABUSE,APARTMENT,N,Y,2524,31,17,,,,,
3236,199547,JF118612,12/31/2021 12:00:00 AM,065XX N WHIPPLE ST,1120,DECEPTIVE PRACTICE,FORGERY,RESIDENCE,N,N,2412,50,10,,,,,
3237,199617,JF150813,06/01/2021 09:00:00 AM,002XX S LARAMIE AVE,2820,OTHER OFFENSE,TELEPHONE THREAT,APARTMENT,N,N,1522,29,08A,,,,,
3238,199628,JF118917,12/30/2021 03:00:00 PM,032XX E 91ST ST,0820,THEFT,$500 AND UNDER,RESIDENCE - PORCH / HALLWAY,N,N,424,10,06,,,,,
3239,199638,JF150421,12/13/2021 12:55:00 PM,003XX W SWANN ST,1150,DECEPTIVE PRACTICE,CREDIT CARD FRAUD,OTHER (SPECIFY),N,N,925,3,11,,,,,
3240,199668,JF150607,12/19/2021 08:00:00 PM,065XX N BOSWORTH AVE,0810,THEFT,OVER $500,STREET,N,N,2432,40,06,,,,,
3241,199784,JF132894,09/01/2021 12:00:00 AM,075XX N CLAREMONT AVE,0281,CRIMINAL SEXUAL ASSAULT,NON-AGGRAVATED,APARTMENT,N,N,2411,49,02,,,,,
3242,199787,JF127850,01/28/2022 12:45:00 PM,011XX W WILSON AVE,0820,THEFT,$500 AND UNDER,RESIDENCE,N,N,1913,46,06,,,,,
3243,199825,JF132630,09/01/2021 12:00:00 PM,116XX S WALLACE ST,1153,DECEPTIVE PRACTICE,FINANCIAL IDENTITY THEFT OVER $ 300,,N,N,524,34,11,,,,,
3244,199843,JF133323,10/26/2021 12:00:00 AM,022XX W ADDISON ST,2825,OTHER OFFENSE,HARASSMENT BY TELEPHONE,APARTMENT,N,Y,1921,47,26,,,,,
3245,199887,JE182128,03/28/2021 09:41:00 AM,029XX W HARRISON ST,2017,NARCOTICS,MANUFACTURE / DELIVER - CRACK,ALLEY,Y,N,1135,28,18,,,,,
3246,199905,JE185301,03/31/2021 12:23:00 PM,024XX W 63RD ST,2017,NARCOTICS,MANUFACTURE / DELIVER - CRACK,ALLEY,Y,N,825,16,18,,,,,
3247,199916,JE178480,03/24/2021 01:58:00 PM,016XX S KOMENSKY AVE,2014,NARCOTICS,MANUFACTURE / DELIVER -  HEROIN (WHITE),VEHICLE NON-COMMERCIAL,Y,N,1012,24,18,,,,,
3248,199918,JE185187,03/31/2021 10:30:00 AM,048XX W HARRISON ST,2017,NARCOTICS,MANUFACTURE / DELIVER - CRACK,VEHICLE NON-COMMERCIAL,Y,N,1533,29,18,,,,,
3249,199919,JE167673,03/13/2021 09:03:00 AM,032XX W HURON ST,2014,NARCOTICS,MANUFACTURE / DELIVER -  HEROIN (WHITE),ALLEY,Y,N,1121,27,18,,,,,
3250,199924,JF170649,03/03/2022 09:09:00 AM,107XX S Indiana Ave,1153,DECEPTIVE PRACTICE,FINANCIAL IDENTITY THEFT OVER $ 300,,N,N,513,9,11,,,,,
3251,199939,JE230729,05/15/2021 08:09:00 AM,011XX N HARDING AVE,2017,NARCOTICS,MANUFACTURE / DELIVER - CRACK,ALLEY,Y,N,1112,37,18,,,,,
3252,199948,JF165788,03/05/2022 02:00:00 PM,047XX S LEAMINGTON AVE,0920,MOTOR VEHICLE THEFT,ATTEMPT - AUTOMOBILE,VEHICLE NON-COMMERCIAL,N,N,814,22,07,,,,,
3253,199959,JE179262,03/25/2021 11:14:00 AM,008XX N SPRINGFIELD AVE,2014,NARCOTICS,MANUFACTURE / DELIVER -  HEROIN (WHITE),SIDEWALK,Y,N,1112,37,18,,,,,
3254,199960,JE302373,07/15/2021 01:35:00 PM,035XX W SCHRAEDER DR,2014,NARCOTICS,MANUFACTURE / DELIVER -  HEROIN (WHITE),PARK PROPERTY,Y,N,1123,28,18,,,,,
3255,199963,JF170447,03/03/2022 12:45:00 PM,002XX E HURON ST,1150,DECEPTIVE PRACTICE,CREDIT CARD FRAUD,HOSPITAL BUILDING / GROUNDS,N,N,1834,42,11,,,,,
3256,199964,JE185185,03/31/2021 11:14:00 AM,047XX W WASHINGTON BLVD,2014,NARCOTICS,MANUFACTURE / DELIVER -  HEROIN (WHITE),SIDEWALK,Y,N,1113,28,18,,,,,
3257,199982,JE179331,03/25/2021 12:16:00 PM,039XX W WILCOX ST,2017,NARCOTICS,MANUFACTURE / DELIVER - CRACK,RESIDENCE - PORCH / HALLWAY,Y,N,1122,28,18,,,,,
3258,199987,JE231805,05/16/2021 10:03:00 AM,005XX S HOMAN AVE,2027,NARCOTICS,POSSESS - CRACK,SIDEWALK,Y,N,1134,28,18,,,,,
3259,199991,JE301256,07/14/2021 02:06:00 PM,004XX N LAWNDALE AVE,2027,NARCOTICS,POSSESS - CRACK,RESIDENCE - YARD (FRONT / BACK),Y,N,1122,27,18,,,,,
3260,199995,JF164059,03/05/2022 08:20:00 AM,017XX N ORLEANS ST,0810,THEFT,OVER $500,STREET,N,N,1814,43,06,,,,,
3261,200008,JE429953,11/01/2021 10:30:00 AM,033XX W FILLMORE ST,2093,NARCOTICS,FOUND SUSPECT NARCOTICS,POLICE FACILITY / VEHICLE PARKING LOT,Y,N,1134,24,18,,,,,
3262,200017,JF151231,11/03/2021 01:00:00 PM,070XX S WABASH AVE,1150,DECEPTIVE PRACTICE,CREDIT CARD FRAUD,STREET,N,N,322,6,11,,,,,
3263,200037,JE179133,03/25/2021 09:31:00 AM,007XX N CICERO AVE,2014,NARCOTICS,MANUFACTURE / DELIVER -  HEROIN (WHITE),ALLEY,Y,N,1531,37,18,,,,,
3264,200043,JE327173,08/05/2021 02:10:00 PM,035XX W LAKE ST,2014,NARCOTICS,MANUFACTURE / DELIVER -  HEROIN (WHITE),SIDEWALK,Y,N,1123,28,18,,,,,
3265,200044,JF166754,03/05/2022 08:25:00 PM,048XX N WINCHESTER AVE,1153,DECEPTIVE PRACTICE,FINANCIAL IDENTITY THEFT OVER $ 300,,N,N,2032,47,11,,,,,
3266,200049,JE301011,07/14/2021 10:40:00 AM,039XX W FILLMORE ST,2014,NARCOTICS,MANUFACTURE / DELIVER -  HEROIN (WHITE),VACANT LOT / LAND,Y,N,1132,24,18,,,,,
3267,200065,JF170702,08/15/2021 12:00:00 AM,049XX S INDIANA AVE,0820,THEFT,$500 AND UNDER,RESIDENCE,N,Y,224,3,06,,,,,
3268,200080,JF169456,11/01/2021 12:00:00 AM,025XX S WHIPPLE ST,5002,OTHER OFFENSE,OTHER VEHICLE OFFENSE,APARTMENT,N,N,1033,12,26,,,,,
3269,200107,JE240071,05/23/2021 03:03:00 PM,039XX W FILLMORE ST,2014,NARCOTICS,MANUFACTURE / DELIVER -  HEROIN (WHITE),ALLEY,Y,N,1132,24,18,,,,,
3270,200111,JF170082,12/09/2021 05:00:00 AM,004XX E 87TH PL,2820,OTHER OFFENSE,TELEPHONE THREAT,RESIDENCE,N,Y,632,9,08A,,,,,
3271,200128,JE230806,05/15/2021 10:15:00 AM,040XX W VAN BUREN ST,2014,NARCOTICS,MANUFACTURE / DELIVER -  HEROIN (WHITE),VACANT LOT / LAND,Y,N,1132,28,18,,,,,
3272,200146,JE178427,03/24/2021 01:38:00 PM,043XX W VAN BUREN ST,2014,NARCOTICS,MANUFACTURE / DELIVER -  HEROIN (WHITE),SIDEWALK,Y,N,1131,28,18,,,,,
3273,200157,JE186403,04/01/2021 02:47:00 PM,001XX N KEELER AVE,2014,NARCOTICS,MANUFACTURE / DELIVER -  HEROIN (WHITE),ALLEY,Y,N,1114,28,18,,,,,
3274,200159,JF118844,12/23/2021 01:45:00 PM,019XX W OGDEN AVE,0460,BATTERY,SIMPLE,HOSPITAL BUILDING / GROUNDS,N,N,1231,27,08B,,,,,
3275,200165,JF165791,03/05/2022 04:05:00 PM,006XX W MONTROSE DR,1150,DECEPTIVE PRACTICE,CREDIT CARD FRAUD,STREET,N,N,1915,46,11,,,,,
3276,200178,JE402402,10/08/2021 10:00:00 AM,033XX W FILLMORE ST,2093,NARCOTICS,FOUND SUSPECT NARCOTICS,POLICE FACILITY / VEHICLE PARKING LOT,Y,N,1134,24,18,,,,,
3277,200179,JE179171,03/25/2021 09:48:00 AM,0000X N KILBOURN AVE,2017,NARCOTICS,MANUFACTURE / DELIVER - CRACK,SIDEWALK,Y,N,1113,28,18,,,,,
3278,200181,JE231887,05/16/2021 09:46:00 AM,037XX W LEXINGTON ST,2014,NARCOTICS,MANUFACTURE / DELIVER -  HEROIN (WHITE),SIDEWALK,Y,N,1133,24,18,,,,,
3279,200188,JF167018,03/05/2022 04:27:00 PM,023XX N STOCKTON DR,0810,THEFT,OVER $500,GOVERNMENT BUILDING / PROPERTY,N,N,1814,43,06,,,,,
3280,200201,JE185251,03/31/2021 11:35:00 AM,001XX S KARLOV AVE,2024,NARCOTICS,POSSESS - HEROIN (WHITE),SIDEWALK,Y,N,1115,28,18,,,,,
3281,200215,JF151640,10/01/2021 12:00:00 PM,020XX N HALSTED ST,0560,ASSAULT,SIMPLE,APARTMENT,Y,Y,1812,43,08A,,,,,
3282,200219,JE491058,12/27/2021 01:03:00 PM,060XX S NARRAGANSETT AVE,0820,THEFT,$500 AND UNDER,RESIDENCE,N,N,812,13,06,,,,,
3283,200226,JE301113,07/14/2021 12:24:00 PM,013XX S SPRINGFIELD AVE,2016,NARCOTICS,MANUFACTURE / DELIVER - PCP,SIDEWALK,Y,N,1011,24,18,,,,,
3284,200233,JF170516,10/01/2021 08:00:00 AM,009XX W Erie ST,1153,DECEPTIVE PRACTICE,FINANCIAL IDENTITY THEFT OVER $ 300,,N,N,1214,27,11,,,,,
3285,200234,JE240975,05/24/2021 11:40:00 AM,004XX N LAWNDALE AVE,2024,NARCOTICS,POSSESS - HEROIN (WHITE),RESIDENCE - YARD (FRONT / BACK),Y,N,1122,27,18,,,,,
3286,200247,JF170288,12/10/2021 03:36:00 PM,059XX N MILWAUKEE AVE,1150,DECEPTIVE PRACTICE,CREDIT CARD FRAUD,COMMERCIAL / BUSINESS OFFICE,N,N,1622,45,11,,,,,
3287,200257,JE182321,03/28/2021 01:35:00 PM,043XX W GLADYS AVE,2014,NARCOTICS,MANUFACTURE / DELIVER -  HEROIN (WHITE),OTHER (SPECIFY),Y,N,1131,28,18,,,,,
3288,200261,JF113523,01/14/2022 09:15:00 PM,014XX S EMERALD AVE,1305,CRIMINAL DAMAGE,CRIMINAL DEFACEMENT,RESIDENCE - GARAGE,N,N,1232,11,14,,,,,
3289,200268,JF119110,10/01/2021 09:00:00 AM,053XX W MADISON ST,1154,DECEPTIVE PRACTICE,FINANCIAL IDENTITY THEFT $300 AND UNDER,APARTMENT,N,N,1522,29,11,,,,,
3290,200279,JE180254,03/26/2021 11:04:00 AM,008XX N AVERS AVE,2014,NARCOTICS,MANUFACTURE / DELIVER -  HEROIN (WHITE),SIDEWALK,Y,N,1112,27,18,,,,,
3291,200295,JE391382,09/29/2021 09:50:00 AM,033XX W FILLMORE ST,2093,NARCOTICS,FOUND SUSPECT NARCOTICS,POLICE FACILITY / VEHICLE PARKING LOT,Y,N,1134,24,18,,,,,
3292,200305,JF118935,12/05/2021 03:30:00 PM,066XX S MARQUETTE RD,0910,MOTOR VEHICLE THEFT,AUTOMOBILE,VACANT LOT / LAND,N,N,321,20,07,,,,,
3293,200353,JF117054,01/14/2022 12:05:00 PM,017XX N WESTERN AVE,0810,THEFT,OVER $500,APARTMENT,N,N,1434,1,06,,,,,
3294,200360,JF118690,12/07/2021 09:00:00 AM,020XX W SCHILLER ST,1156,DECEPTIVE PRACTICE,ATTEMPT - FINANCIAL IDENTITY THEFT,APARTMENT,N,N,1424,1,11,,,,,
3295,200389,JF118517,11/26/2021 10:47:00 AM,089XX S JEFFERY BLVD,0810,THEFT,OVER $500,RESIDENCE,N,N,413,8,06,,,,,
3296,200412,JF117247,12/18/2021 11:30:00 PM,103XX S HALSTED ST,5011,OTHER OFFENSE,LICENSE VIOLATION,SMALL RETAIL STORE,Y,N,2232,34,26,,,,,
3297,200420,JF170080,02/19/2022 10:08:00 AM,005XX W Kinzie St,1130,DECEPTIVE PRACTICE,FRAUD OR CONFIDENCE GAME,APARTMENT,N,N,1214,42,11,,,,,
3298,200481,JF119146,12/27/2021 01:30:00 PM,008XX E 46TH ST,0560,ASSAULT,SIMPLE,APARTMENT,N,Y,221,4,08A,,,,,
3299,200497,JF119043,10/23/2021 05:00:00 PM,069XX S HARPER AVE,1320,CRIMINAL DAMAGE,TO VEHICLE,STREET,N,N,332,5,14,,,,,
3300,200501,JF117829,12/30/2021 06:00:00 AM,022XX N LINCOLN AVE,1150,DECEPTIVE PRACTICE,CREDIT CARD FRAUD,ATM (AUTOMATIC TELLER MACHINE),N,N,1812,43,11,,,,,
3301,200523,JF119121,12/25/2021 07:30:00 PM,001XX W KINZIE ST,0610,BURGLARY,FORCIBLE ENTRY,BAR OR TAVERN,N,N,1831,42,05,,,,,
3302,200543,JF103621,12/31/2021 10:00:00 PM,015XX N DAMEN AVE,5011,OTHER OFFENSE,LICENSE VIOLATION,OTHER (SPECIFY),N,N,1424,1,26,,,,,
3303,200553,JF118949,12/14/2021 03:25:00 AM,042XX N GREENVIEW AVE,1130,DECEPTIVE PRACTICE,FRAUD OR CONFIDENCE GAME,OTHER (SPECIFY),N,N,1912,47,11,,,,,
3304,200556,JF118550,12/13/2021 02:51:00 PM,025XX W WASHINGTON BLVD,0810,THEFT,OVER $500,RESIDENCE - YARD (FRONT / BACK),N,N,1222,27,06,,,,,
3305,200561,JF170475,11/11/2021 01:36:00 PM,019XX N TRIPP AVE,1562,SEX OFFENSE,AGGRAVATED CRIMINAL SEXUAL ABUSE,RESIDENCE,N,N,2534,35,17,,,,,
3306,200589,JF118568,08/17/2021 09:00:00 AM,005XX E 94TH ST,0890,THEFT,FROM BUILDING,RESIDENCE,N,N,633,9,06,,,,,
3307,200596,JF118610,11/26/2021 10:47:00 AM,089XX S JEFFERY BLVD,0820,THEFT,$500 AND UNDER,RESIDENCE - PORCH / HALLWAY,N,N,413,8,06,,,,,
3308,200613,JF118600,12/30/2021 10:16:00 AM,070XX N PAULINA ST,0890,THEFT,FROM BUILDING,RESIDENCE - PORCH / HALLWAY,N,N,2423,49,06,,,,,
3309,200637,JF100901,12/30/2021 11:00:00 PM,002XX E HURON ST,0291,CRIMINAL SEXUAL ASSAULT,ATTEMPT NON-AGGRAVATED,HOSPITAL BUILDING / GROUNDS,N,N,1834,42,02,,,,,
3310,200667,JE402399,10/08/2021 09:45:00 AM,033XX W FILLMORE ST,2093,NARCOTICS,FOUND SUSPECT NARCOTICS,POLICE FACILITY / VEHICLE PARKING LOT,Y,N,1134,24,18,,,,,
3311,200681,JF118433,12/22/2021 10:15:00 AM,019XX N CLEVELAND AVE,0810,THEFT,OVER $500,STREET,N,N,1813,43,06,,,,,
3312,200689,JF119587,10/31/2021 12:00:00 AM,093XX S EWING AVE,0810,THEFT,OVER $500,COMMERCIAL / BUSINESS OFFICE,N,N,432,10,06,,,,,
3313,200729,JE179536,03/25/2021 03:29:00 PM,039XX W FILLMORE ST,2014,NARCOTICS,MANUFACTURE / DELIVER -  HEROIN (WHITE),STREET,Y,N,1132,24,18,,,,,
3314,200731,JF118900,12/13/2021 11:45:00 AM,0000X E 8TH ST,1150,DECEPTIVE PRACTICE,CREDIT CARD FRAUD,MEDICAL / DENTAL OFFICE,N,N,123,4,11,,,,,
3315,200732,JE492885,12/27/2021 08:30:00 PM,012XX N LA SALLE DR,0810,THEFT,OVER $500,SIDEWALK,N,N,1821,2,06,,,,,
3316,200739,JF164060,03/05/2022 10:13:00 AM,020XX N SAWYER AVE,0820,THEFT,$500 AND UNDER,RESIDENCE - PORCH / HALLWAY,N,N,1413,26,06,,,,,
3317,200753,JF170658,12/29/2021 03:32:00 PM,004XX E OHIO ST,2820,OTHER OFFENSE,TELEPHONE THREAT,APARTMENT,N,N,1834,42,08A,,,,,
3318,200756,JE301124,07/14/2021 12:12:00 PM,036XX W FLOURNOY ST,2014,NARCOTICS,MANUFACTURE / DELIVER -  HEROIN (WHITE),RESIDENCE - YARD (FRONT / BACK),Y,N,1133,24,18,,,,,
3319,200870,JF132784,09/21/2021 12:00:00 AM,024XX W 21ST PL,1154,DECEPTIVE PRACTICE,FINANCIAL IDENTITY THEFT $300 AND UNDER,OTHER (SPECIFY),N,N,1023,28,11,,,,,
3320,200908,JE483159,12/19/2021 09:15:00 PM,056XX S CALIFORNIA AVE,0560,ASSAULT,SIMPLE,STREET,N,N,824,16,08A,,,,,
3321,200913,JF131024,09/15/2021 08:00:00 AM,003XX E 103RD ST,5002,OTHER OFFENSE,OTHER VEHICLE OFFENSE,STREET,N,N,511,9,26,,,,,
3322,200924,JF132674,12/14/2021 12:45:00 AM,050XX N HARDING AVE,0890,THEFT,FROM BUILDING,APARTMENT,N,N,1712,39,06,,,,,
3323,200940,JF132944,06/26/2021 12:00:00 AM,070XX S OGLESBY AVE,1130,DECEPTIVE PRACTICE,FRAUD OR CONFIDENCE GAME,RESIDENCE,N,N,331,5,11,,,,,
3324,200968,JF132366,12/26/2021 12:00:00 PM,044XX N CLIFTON AVE,0820,THEFT,$500 AND UNDER,RESIDENCE,N,N,1913,46,06,,,,,
3325,200986,JF132439,09/08/2021 02:09:00 PM,031XX N SHERIDAN RD,1130,DECEPTIVE PRACTICE,FRAUD OR CONFIDENCE GAME,APARTMENT,N,N,1934,44,11,,,,,
3326,200990,JF132564,12/17/2021 08:00:00 PM,049XX S BLACKSTONE AVE,0820,THEFT,$500 AND UNDER,RESIDENCE - PORCH / HALLWAY,N,N,222,4,06,,,,,
3327,201019,JF132623,12/05/2021 10:45:00 AM,034XX N MARSHFIELD AVE,1153,DECEPTIVE PRACTICE,FINANCIAL IDENTITY THEFT OVER $ 300,,N,N,1922,47,11,,,,,
3328,201029,JF132758,06/29/2021 08:00:00 AM,040XX N CLARENDON AVE,1154,DECEPTIVE PRACTICE,FINANCIAL IDENTITY THEFT $300 AND UNDER,APARTMENT,N,N,1915,46,11,,,,,
3329,201085,JF130377,01/28/2022 12:35:00 PM,045XX N ST LOUIS AVE,0820,THEFT,$500 AND UNDER,RESIDENCE - YARD (FRONT / BACK),N,N,1723,33,06,,,,,
3330,201087,JF132892,10/01/2021 08:00:00 AM,071XX W NORTH AVE,0810,THEFT,OVER $500,SMALL RETAIL STORE,N,N,2513,29,06,,,,,
3331,201110,JF166767,03/05/2022 12:30:00 AM,008XX W WELLINGTON AVE,0810,THEFT,OVER $500,CTA TRAIN,N,N,1933,44,06,,,,,
3332,201135,JF133143,12/09/2021 07:00:00 PM,016XX W 21ST PL,0530,ASSAULT,AGGRAVATED - OTHER DANGEROUS WEAPON,APARTMENT,N,Y,1234,25,04A,,,,,
3333,201154,JF103622,12/31/2021 11:30:00 AM,019XX N AUSTIN AVE,5011,OTHER OFFENSE,LICENSE VIOLATION,COMMERCIAL / BUSINESS OFFICE,N,N,2513,29,26,,,,,
3334,201199,JF132503,09/08/2021 09:00:00 AM,122XX S STEWART AVE,1153,DECEPTIVE PRACTICE,FINANCIAL IDENTITY THEFT OVER $ 300,,N,N,523,34,11,,,,,
3335,201215,JF133068,12/31/2021 08:58:00 PM,021XX W FULTON ST,5011,OTHER OFFENSE,LICENSE VIOLATION,COMMERCIAL / BUSINESS OFFICE,N,N,1223,27,26,,,,,
3336,201266,JF132799,12/27/2021 12:30:00 PM,008XX N PULASKI RD,1320,CRIMINAL DAMAGE,TO VEHICLE,STREET,N,N,1111,37,14,,,,,
3337,201314,JF114646,01/14/2022 08:43:00 PM,019XX N WOLCOTT AVE,0820,THEFT,$500 AND UNDER,RESIDENCE - PORCH / HALLWAY,N,N,1434,32,06,,,,,
3338,201316,JF112404,01/14/2022 08:50:00 AM,011XX E 91ST ST,1320,CRIMINAL DAMAGE,TO VEHICLE,STREET,N,N,413,8,14,,,,,
3339,201353,JF133105,09/01/2021 12:00:00 AM,046XX N KENMORE AVE,1130,DECEPTIVE PRACTICE,FRAUD OR CONFIDENCE GAME,APARTMENT,N,N,1914,46,11,,,,,
3340,201370,JF170442,03/03/2022 12:25:00 PM,002XX E HURON ST,0890,THEFT,FROM BUILDING,HOSPITAL BUILDING / GROUNDS,N,N,1834,42,06,,,,,
3341,201381,JF165218,03/05/2022 07:16:00 PM,001XX N STATE ST,0860,THEFT,RETAIL THEFT,DEPARTMENT STORE,N,N,111,42,06,,,,,
3342,201383,JE179321,03/25/2021 12:47:00 PM,010XX N LAWNDALE AVE,2014,NARCOTICS,MANUFACTURE / DELIVER -  HEROIN (WHITE),VEHICLE NON-COMMERCIAL,Y,N,1112,27,18,,,,,
3343,201396,JF170029,02/12/2022 05:58:00 PM,075XX N Clark St,0860,THEFT,RETAIL THEFT,SMALL RETAIL STORE,N,N,2422,49,06,,,,,
3344,201409,JE232764,05/17/2021 09:57:00 AM,007XX N SPAULDING AVE,2014,NARCOTICS,MANUFACTURE / DELIVER -  HEROIN (WHITE),ALLEY,Y,N,1121,27,18,,,,,
3345,201410,JE301288,07/14/2021 02:28:00 PM,033XX W VAN BUREN ST,2024,NARCOTICS,POSSESS - HEROIN (WHITE),RESIDENCE - PORCH / HALLWAY,Y,N,1134,28,18,,,,,
3346,201424,JF166969,03/05/2022 04:30:00 AM,022XX N RACINE AVE,0810,THEFT,OVER $500,RESIDENCE - GARAGE,N,N,1811,43,06,,,,,
3347,201438,JF170713,07/01/2021 12:00:00 AM,055XX S LAKE SHORE DR SB,0486,BATTERY,DOMESTIC BATTERY SIMPLE,RESIDENCE,N,Y,235,5,08B,,,,,
3348,201439,JE182139,03/28/2021 09:28:00 AM,039XX W WILCOX ST,2014,NARCOTICS,MANUFACTURE / DELIVER -  HEROIN (WHITE),SIDEWALK,Y,N,1122,28,18,,,,,
3349,201444,JE302436,07/15/2021 02:35:00 PM,001XX N CENTRAL PARK DR,2014,NARCOTICS,MANUFACTURE / DELIVER -  HEROIN (WHITE),PARK PROPERTY,Y,N,1123,28,18,,,,,
3350,201540,JF148255,12/28/2021 04:00:00 PM,097XX S MERRILL AVE,1153,DECEPTIVE PRACTICE,FINANCIAL IDENTITY THEFT OVER $ 300,RESIDENCE,N,N,431,7,11,,,,,
3351,201623,JF165789,03/05/2022 04:05:00 PM,044XX N LAKE SHORE DR NB,0820,THEFT,$500 AND UNDER,STREET,N,N,1914,46,06,,,,,
3352,201626,JF127743,11/26/2021 05:00:00 PM,019XX S HOMAN AVE,5002,OTHER OFFENSE,OTHER VEHICLE OFFENSE,VEHICLE NON-COMMERCIAL,Y,Y,1024,24,26,,,,,
3353,201701,JE464910,12/03/2021 03:06:00 PM,013XX S SPRINGFIELD AVE,2026,NARCOTICS,POSSESS - PCP,STREET,Y,N,1011,24,18,,,,,
3354,201708,JF151432,10/27/2021 12:00:00 AM,081XX S ADA ST,1153,DECEPTIVE PRACTICE,FINANCIAL IDENTITY THEFT OVER $ 300,RESIDENCE,N,N,613,21,11,,,,,
3355,201745,JF151507,02/13/2022 01:35:00 PM,007XX W BITTERSWEET PL,0890,THEFT,FROM BUILDING,CHA HALLWAY / STAIRWELL / ELEVATOR,N,N,1915,46,06,,,,,
3356,201761,JE179130,03/25/2021 09:42:00 AM,033XX W CHICAGO AVE,2014,NARCOTICS,MANUFACTURE / DELIVER -  HEROIN (WHITE),SIDEWALK,Y,N,1121,27,18,,,,,
3357,201799,JF151538,05/20/2021 10:00:00 AM,018XX N CALIFORNIA AVE,0820,THEFT,$500 AND UNDER,RESIDENCE,N,N,1421,1,06,,,,,
3358,201809,JF151210,12/23/2021 12:37:00 PM,004XX N SANGAMON ST,1150,DECEPTIVE PRACTICE,CREDIT CARD FRAUD,RESTAURANT,N,N,1214,27,11,,,,,
3359,202118,JE489885,12/27/2021 09:33:00 AM,111XX S EWING AVE,1020,ARSON,BY FIRE,ALLEY,N,N,433,10,09,,,,,
3360,202207,JE411444,10/15/2021 04:00:00 AM,016XX W 81ST ST,0890,THEFT,FROM BUILDING,RESIDENCE - PORCH / HALLWAY,N,N,611,21,06,,,,,
3361,202260,JF133965,11/21/2021 07:00:00 PM,090XX S WALLACE ST,0810,THEFT,OVER $500,STREET,N,N,2223,21,06,,,,,
3362,202288,JE416251,10/15/2021 10:00:00 AM,068XX S NORMAL BLVD,0820,THEFT,$500 AND UNDER,SCHOOL - PUBLIC BUILDING,N,N,722,6,06,,,,,
3363,202320,JF133370,01/29/2022 07:50:00 PM,002XX N ABERDEEN ST,0820,THEFT,$500 AND UNDER,APARTMENT,N,N,1214,27,06,,,,,
3364,202333,JF147542,02/15/2022 09:00:00 PM,058XX N ELSTON AVE,0820,THEFT,$500 AND UNDER,ALLEY,N,N,1622,39,06,,,,,
3365,202342,JF151239,09/09/2021 10:00:00 AM,009XX E 130TH PL,1156,DECEPTIVE PRACTICE,ATTEMPT - FINANCIAL IDENTITY THEFT,RESIDENCE,N,N,533,9,11,,,,,
3366,202360,JF128810,01/29/2022 12:02:00 PM,059XX N MANTON AVE,1150,DECEPTIVE PRACTICE,CREDIT CARD FRAUD,RESIDENCE,N,N,1622,39,11,,,,,
3367,202380,JF129790,01/29/2022 07:35:00 PM,002XX S WABASH AVE,0890,THEFT,FROM BUILDING,BAR OR TAVERN,N,N,113,42,06,,,,,
3368,202395,JF133671,12/31/2021 11:59:00 PM,023XX W 64TH ST,0810,THEFT,OVER $500,SCHOOL - PUBLIC BUILDING,N,N,825,16,06,,,,,
3369,202409,JF132458,10/23/2021 01:30:00 PM,078XX S ESCANABA AVE,3960,INTIMIDATION,INTIMIDATION,STREET,N,N,421,7,08A,,,,,
3370,202415,JE235117,05/19/2021 10:29:00 AM,040XX W VAN BUREN ST,2014,NARCOTICS,MANUFACTURE / DELIVER -  HEROIN (WHITE),VACANT LOT / LAND,Y,N,1132,28,18,,,,,
3371,202448,JF133577,12/13/2021 12:00:00 AM,009XX E 79TH ST,0910,MOTOR VEHICLE THEFT,AUTOMOBILE,STREET,N,N,624,8,07,,,,,
3372,202456,JE177243,03/23/2021 10:55:00 AM,034XX S INDIANA AVE,2014,NARCOTICS,MANUFACTURE / DELIVER -  HEROIN (WHITE),STREET,Y,N,211,3,18,,,,,
3373,202534,JE176097,03/22/2021 10:39:00 AM,038XX W WILCOX ST,2014,NARCOTICS,MANUFACTURE / DELIVER -  HEROIN (WHITE),VEHICLE NON-COMMERCIAL,Y,N,1122,28,18,,,,,
3374,202549,JE177281,03/23/2021 10:48:00 AM,008XX N SPRINGFIELD AVE,2014,NARCOTICS,MANUFACTURE / DELIVER -  HEROIN (WHITE),SIDEWALK,Y,N,1112,37,18,,,,,
3375,202552,JF133899,11/01/2021 12:00:00 AM,045XX S FRANCISCO AVE,1153,DECEPTIVE PRACTICE,FINANCIAL IDENTITY THEFT OVER $ 300,RESIDENCE,N,N,922,15,11,,,,,
3376,202556,JF129769,01/29/2022 11:55:00 PM,019XX W Fulton ST,0810,THEFT,OVER $500,STREET,N,N,1223,27,06,,,,,
3377,202564,JF133045,12/10/2021 12:00:00 PM,050XX W MONTROSE AVE,0820,THEFT,$500 AND UNDER,APARTMENT,N,N,1624,45,06,,,,,
3378,202584,JE177310,03/23/2021 12:06:00 PM,032XX W CHICAGO AVE,2014,NARCOTICS,MANUFACTURE / DELIVER -  HEROIN (WHITE),ALLEY,Y,N,1121,27,18,,,,,
3379,202620,JF133466,07/14/2021 12:00:00 AM,060XX S SANGAMON ST,1154,DECEPTIVE PRACTICE,FINANCIAL IDENTITY THEFT $300 AND UNDER,RESIDENCE,N,N,712,16,11,,,,,
3380,202625,JF133515,12/15/2021 08:00:00 PM,029XX N CLARK ST,1110,DECEPTIVE PRACTICE,BOGUS CHECK,OTHER (SPECIFY),N,N,1934,44,11,,,,,
3381,202626,JF133442,09/01/2021 10:40:00 PM,001XX W WACKER DR,0810,THEFT,OVER $500,APARTMENT,N,N,122,42,06,,,,,
3382,202655,JF133752,12/21/2021 09:00:00 AM,017XX N PAULINA ST,1130,DECEPTIVE PRACTICE,FRAUD OR CONFIDENCE GAME,APARTMENT,N,N,1433,32,11,,,,,
3383,202658,JF130386,01/29/2022 04:00:00 PM,013XX N Lake Shore Dr,0890,THEFT,FROM BUILDING,APARTMENT,N,N,1824,43,06,,,,,
3384,202669,JF133662,12/24/2021 10:00:00 AM,026XX W POTOMAC AVE,4387,OTHER OFFENSE,VIOLATE ORDER OF PROTECTION,APARTMENT,N,Y,1423,26,26,,,,,
3385,202690,JF133799,10/06/2021 08:00:00 AM,087XX S BURLEY AVE,1750,OFFENSE INVOLVING CHILDREN,CHILD ABUSE,APARTMENT,N,N,424,10,08B,,,,,
3386,202701,JF151810,08/30/2021 12:00:00 PM,086XX S EXCHANGE AVE,0810,THEFT,OVER $500,RESIDENCE,N,N,423,10,06,,,,,
3387,202716,JF134003,01/16/2022 06:20:00 PM,013XX W TOUHY AVE,0890,THEFT,FROM BUILDING,RESIDENCE - PORCH / HALLWAY,N,N,2423,49,06,,,,,
3388,202731,JF133950,08/22/2021 03:00:00 PM,013XX N DEARBORN ST,1153,DECEPTIVE PRACTICE,FINANCIAL IDENTITY THEFT OVER $ 300,,N,N,1824,2,11,,,,,
3389,202736,JF133824,12/11/2021 09:00:00 AM,049XX W QUINCY ST,1154,DECEPTIVE PRACTICE,FINANCIAL IDENTITY THEFT $300 AND UNDER,APARTMENT,N,N,1533,28,11,,,,,
3390,202795,JF133772,12/20/2021 12:00:00 AM,003XX E WACKER DR,1153,DECEPTIVE PRACTICE,FINANCIAL IDENTITY THEFT OVER $ 300,APARTMENT,N,N,114,42,11,,,,,
3391,202805,JF133776,08/01/2021 12:00:00 AM,029XX N CENTRAL AVE,1156,DECEPTIVE PRACTICE,ATTEMPT - FINANCIAL IDENTITY THEFT,APARTMENT,N,N,2514,31,11,,,,,
3392,202810,JF133874,11/09/2021 04:00:00 AM,023XX N LINCOLN AVE,1154,DECEPTIVE PRACTICE,FINANCIAL IDENTITY THEFT $300 AND UNDER,APARTMENT,N,N,1812,43,11,,,,,
3393,202825,JF134086,07/31/2021 01:00:00 AM,004XX W Fullerton Pkwy,1154,DECEPTIVE PRACTICE,FINANCIAL IDENTITY THEFT $300 AND UNDER,BANK,N,N,1814,43,11,,,,,
3394,202826,JE222725,05/07/2021 03:38:00 PM,033XX W FILLMORE ST,2016,NARCOTICS,MANUFACTURE / DELIVER - PCP,POLICE FACILITY / VEHICLE PARKING LOT,Y,N,1134,24,18,,,,,
3395,202872,JF151622,12/19/2021 06:00:00 PM,074XX N GREENVIEW AVE,1153,DECEPTIVE PRACTICE,FINANCIAL IDENTITY THEFT OVER $ 300,APARTMENT,N,N,2422,49,11,,,,,
3396,202894,JF133789,11/24/2021 09:00:00 AM,007XX S SEELEY AVE,1154,DECEPTIVE PRACTICE,FINANCIAL IDENTITY THEFT $300 AND UNDER,RESTAURANT,N,N,1225,28,11,,,,,
3397,202911,JF133591,11/22/2021 12:00:00 AM,073XX S JEFFERY BLVD,1155,DECEPTIVE PRACTICE,AGGRAVATED FINANCIAL IDENTITY THEFT,OTHER (SPECIFY),N,N,333,7,11,,,,,
3398,202915,JF133425,12/26/2021 12:50:00 PM,005XX N LECLAIRE AVE,1154,DECEPTIVE PRACTICE,FINANCIAL IDENTITY THEFT $300 AND UNDER,,N,N,1532,37,11,,,,,
3399,202922,JF133764,12/06/2021 12:00:00 AM,084XX S OGLESBY AVE,1242,DECEPTIVE PRACTICE,COMPUTER FRAUD,RESIDENCE,N,N,412,8,11,,,,,
3400,202924,JF133448,12/27/2021 01:15:00 PM,052XX S CORNELL AVE,1153,DECEPTIVE PRACTICE,FINANCIAL IDENTITY THEFT OVER $ 300,OTHER (SPECIFY),N,N,234,5,11,,,,,
3401,202948,JF151594,10/22/2021 11:41:00 PM,024XX W OGDEN AVE,0820,THEFT,$500 AND UNDER,OTHER (SPECIFY),N,N,1023,28,06,,,,,
3402,202964,JF133910,12/15/2021 02:00:00 PM,020XX W 62ND ST,0810,THEFT,OVER $500,SCHOOL - PUBLIC BUILDING,N,N,714,16,06,,,,,
3403,203025,JE235238,05/19/2021 12:38:00 PM,002XX W 109TH ST,2014,NARCOTICS,MANUFACTURE / DELIVER -  HEROIN (WHITE),VEHICLE NON-COMMERCIAL,Y,N,513,34,18,,,,,
3404,203033,JF151452,12/21/2021 12:00:00 PM,081XX S ADA ST,1154,DECEPTIVE PRACTICE,FINANCIAL IDENTITY THEFT $300 AND UNDER,RESIDENCE,N,N,613,21,11,,,,,
3405,203057,JE410685,10/15/2021 09:15:00 AM,030XX N MANGO AVE,0890,THEFT,FROM BUILDING,SCHOOL - PUBLIC BUILDING,N,N,2514,30,06,,,,,
3406,203067,JF146266,02/15/2022 01:07:00 PM,038XX N PAULINA ST,0820,THEFT,$500 AND UNDER,RESIDENCE - PORCH / HALLWAY,N,N,1922,47,06,,,,,
3407,203072,JF150779,12/30/2021 12:00:00 AM,015XX S SANGAMON ST,1154,DECEPTIVE PRACTICE,FINANCIAL IDENTITY THEFT $300 AND UNDER,RESIDENCE,N,N,1232,11,11,,,,,
3408,203079,JF151184,09/08/2021 05:25:00 PM,053XX W KINZIE ST,1152,DECEPTIVE PRACTICE,ILLEGAL USE CASH CARD,OTHER (SPECIFY),N,N,1523,37,11,,,,,
3409,203093,JF146486,02/15/2022 07:00:00 PM,011XX W Monroe St,1154,DECEPTIVE PRACTICE,FINANCIAL IDENTITY THEFT $300 AND UNDER,,N,N,1232,25,11,,,,,
3410,203124,JF151423,12/31/2021 12:00:00 PM,021XX S INDIANA AVE,0890,THEFT,FROM BUILDING,APARTMENT,N,N,132,3,06,,,,,
3411,203139,JF151222,01/14/2022 05:04:00 PM,036XX W 63RD ST,0820,THEFT,$500 AND UNDER,RESIDENCE - PORCH / HALLWAY,N,N,823,23,06,,,,,
3412,203179,JF151439,12/22/2021 01:05:00 PM,041XX W MONTROSE AVE,0890,THEFT,FROM BUILDING,RESIDENCE - PORCH / HALLWAY,N,N,1722,39,06,,,,,
3413,203189,JF151211,12/29/2021 06:41:00 PM,018XX E 103RD ST,0910,MOTOR VEHICLE THEFT,AUTOMOBILE,POLICE FACILITY / VEHICLE PARKING LOT,N,N,434,10,07,,,,,
3414,203222,JF137471,12/22/2021 12:00:00 AM,011XX S MICHIGAN AVE,1750,OFFENSE INVOLVING CHILDREN,CHILD ABUSE,HOTEL / MOTEL,N,Y,123,4,08B,,,,,
3415,203253,JE179436,03/25/2021 01:05:00 PM,010XX N LAWNDALE AVE,2024,NARCOTICS,POSSESS - HEROIN (WHITE),RESIDENCE - YARD (FRONT / BACK),Y,N,1112,27,18,,,,,
3416,203268,JE178375,03/24/2021 11:45:00 AM,011XX N PULASKI RD,2024,NARCOTICS,POSSESS - HEROIN (WHITE),ALLEY,Y,N,1112,37,18,,,,,
3417,203273,JF170612,12/20/2021 12:00:00 AM,023XX N LINCOLN AVE,1130,DECEPTIVE PRACTICE,FRAUD OR CONFIDENCE GAME,APARTMENT,N,N,1812,43,11,,,,,
3418,203285,JF152568,12/19/2021 03:00:00 AM,033XX W FILLMORE ST,2826,OTHER OFFENSE,HARASSMENT BY ELECTRONIC MEANS,POLICE FACILITY / VEHICLE PARKING LOT,N,N,1134,24,26,,,,,
3419,203293,JF170185,11/18/2021 11:30:00 AM,046XX N PAULINA ST,0890,THEFT,FROM BUILDING,APARTMENT,N,N,1912,47,06,,,,,
3420,203308,JF170539,08/01/2021 12:00:00 AM,001XX S WESTERN AVE,1153,DECEPTIVE PRACTICE,FINANCIAL IDENTITY THEFT OVER $ 300,,N,N,1223,27,11,,,,,
3421,203317,JE221382,05/06/2021 09:58:00 AM,008XX N KEDZIE AVE,2014,NARCOTICS,MANUFACTURE / DELIVER -  HEROIN (WHITE),PARKING LOT / GARAGE (NON RESIDENTIAL),Y,N,1121,27,18,,,,,
3422,203322,JE412577,10/15/2021 05:53:00 AM,024XX N HAMLIN AVE,0810,THEFT,OVER $500,STREET,N,N,2524,31,06,,,,,
3423,203324,JF165952,03/06/2022 08:00:00 PM,018XX W 16TH ST,0810,THEFT,OVER $500,STREET,N,N,1234,28,06,,,,,
3424,203330,JF147071,02/16/2022 12:00:00 PM,044XX W RICE ST,1320,CRIMINAL DAMAGE,TO VEHICLE,RESIDENCE,N,N,1111,37,14,,,,,
3425,203350,JF134497,05/01/2021 12:00:00 PM,011XX N KEYSTONE AVE,1195,DECEPTIVE PRACTICE,FINANCIAL EXPLOITATION OF AN ELDERLY OR DISABLED PERSON,RESIDENCE,N,N,1111,37,11,,,,,
3426,203364,JF129264,01/30/2022 04:25:00 PM,016XX W Pratt Blvd,0820,THEFT,$500 AND UNDER,APARTMENT,N,N,2431,49,06,,,,,
3427,203390,JF134861,12/20/2021 08:00:00 AM,077XX S ST LOUIS AVE,0820,THEFT,$500 AND UNDER,RESIDENCE,N,N,835,18,06,,,,,
3428,203451,JF134518,12/25/2021 12:01:00 AM,068XX N NORTHWEST HWY,1156,DECEPTIVE PRACTICE,ATTEMPT - FINANCIAL IDENTITY THEFT,APARTMENT,N,N,1612,41,11,,,,,
3429,203470,JF133645,11/27/2021 12:01:00 PM,033XX W 111TH ST,1120,DECEPTIVE PRACTICE,FORGERY,GOVERNMENT BUILDING / PROPERTY,N,N,2211,19,10,,,,,
3430,203544,JF134472,08/18/2021 12:01:00 AM,063XX N WINTHROP AVE,1130,DECEPTIVE PRACTICE,FRAUD OR CONFIDENCE GAME,APARTMENT,N,N,2433,48,11,,,,,
3431,203587,JF134763,12/04/2021 11:53:00 AM,072XX S YATES BLVD,0890,THEFT,FROM BUILDING,APARTMENT,N,N,334,7,06,,,,,
3432,203616,JF134604,12/31/2021 09:00:00 PM,010XX W NORTH AVE,0610,BURGLARY,FORCIBLE ENTRY,OTHER (SPECIFY),N,N,1811,2,05,,,,,
3433,203617,JF134836,12/30/2021 04:30:00 PM,029XX N SHERIDAN RD,0810,THEFT,OVER $500,APARTMENT,N,N,1934,44,06,,,,,
3434,203642,JF134664,12/18/2021 10:00:00 AM,037XX W DEVON AVE,1150,DECEPTIVE PRACTICE,CREDIT CARD FRAUD,APARTMENT,N,N,1711,50,11,,,,,
3435,203652,JF134458,11/15/2021 06:00:00 PM,005XX E 51ST ST,1563,SEX OFFENSE,CRIMINAL SEXUAL ABUSE,LAKEFRONT / WATERFRONT / RIVERBANK,N,N,233,4,17,,,,,
3436,203657,JF130775,01/30/2022 10:19:00 AM,005XX W BELMONT AVE,1130,DECEPTIVE PRACTICE,FRAUD OR CONFIDENCE GAME,RESIDENCE,N,N,1925,44,11,,,,,
3437,203745,JF129318,01/30/2022 05:17:00 PM,039XX S VINCENNES AVE,0820,THEFT,$500 AND UNDER,APARTMENT,N,N,214,3,06,,,,,
3438,203761,JF134782,10/01/2021 12:00:00 AM,012XX S SPRINGFIELD AVE,0281,CRIMINAL SEXUAL ASSAULT,NON-AGGRAVATED,APARTMENT,N,Y,1011,24,02,,,,,
3439,203768,JF134486,12/27/2021 11:00:00 AM,091XX S MARQUETTE AVE,0910,MOTOR VEHICLE THEFT,AUTOMOBILE,STREET,N,N,423,7,07,,,,,
3440,203775,JF129479,01/30/2022 03:00:00 AM,036XX N LINCOLN AVE,1310,CRIMINAL DAMAGE,TO PROPERTY,RESIDENCE,N,N,1922,47,14,,,,,
3441,203792,JF134647,12/28/2021 12:00:00 PM,064XX N LEAVITT ST,0910,MOTOR VEHICLE THEFT,AUTOMOBILE,STREET,N,N,2412,50,07,,,,,
3442,203839,JF134437,11/25/2021 12:00:00 AM,077XX S WOOD ST,2825,OTHER OFFENSE,HARASSMENT BY TELEPHONE,RESIDENCE,N,N,611,17,26,,,,,
3443,203845,JF101994,06/21/2021 10:35:00 AM,015XX W CULLOM AVE,0810,THEFT,OVER $500,RESIDENCE,N,N,1912,47,06,,,,,
3444,203927,JE492701,12/28/2021 10:50:00 AM,021XX N Dayton St,1154,DECEPTIVE PRACTICE,FINANCIAL IDENTITY THEFT $300 AND UNDER,,N,N,1812,43,11,,,,,
3445,203928,JE493679,12/28/2021 12:00:00 PM,014XX W CARMEN AVE,0820,THEFT,$500 AND UNDER,OTHER (SPECIFY),N,N,2033,47,06,,,,,
3446,203993,JF101032,12/28/2021 01:00:00 PM,076XX W TALCOTT AVE,1154,DECEPTIVE PRACTICE,FINANCIAL IDENTITY THEFT $300 AND UNDER,,N,N,1612,41,11,,,,,
3447,204050,JE491988,12/28/2021 06:50:00 PM,0000X E OAK ST,0860,THEFT,RETAIL THEFT,DEPARTMENT STORE,N,N,1833,42,06,,,,,
3448,204100,JF167920,03/06/2022 07:30:00 PM,038XX N Pine Grove Ave,0810,THEFT,OVER $500,RESIDENCE - GARAGE,N,N,1925,46,06,,,,,
3449,204123,JF172381,04/27/2021 12:00:00 AM,067XX S CHAPPEL AVE,1153,DECEPTIVE PRACTICE,FINANCIAL IDENTITY THEFT OVER $ 300,APARTMENT,N,N,331,5,11,,,,,
3450,204172,JF170480,03/06/2022 04:30:00 PM,012XX N LARRABEE ST,0860,THEFT,RETAIL THEFT,DEPARTMENT STORE,N,N,1822,27,06,,,,,
3451,204184,JF166183,03/06/2022 10:14:00 AM,032XX N CLARK ST,0890,THEFT,FROM BUILDING,APARTMENT,N,N,1924,44,06,,,,,
3452,204263,JF135684,12/03/2021 12:00:00 AM,048XX S DR MARTIN LUTHER KING JR DR,0520,ASSAULT,AGGRAVATED - KNIFE / CUTTING INSTRUMENT,APARTMENT,N,Y,224,3,04A,,,,,
3453,204333,JF136379,12/24/2021 12:00:00 AM,039XX W 59TH PL,1156,DECEPTIVE PRACTICE,ATTEMPT - FINANCIAL IDENTITY THEFT,RESIDENCE,N,N,822,23,11,,,,,
3454,204459,JF135766,12/15/2021 12:00:00 AM,052XX S MOODY AVE,1565,SEX OFFENSE,INDECENT SOLICITATION OF A CHILD,RESIDENCE,N,N,811,14,17,,,,,
3455,204480,JF135634,10/06/2021 12:00:00 AM,086XX S HERMITAGE AVE,0620,BURGLARY,UNLAWFUL ENTRY,RESIDENCE,N,N,614,21,05,,,,,
3456,204531,JF135620,10/06/2021 12:00:00 AM,086XX S HERMITAGE AVE,1120,DECEPTIVE PRACTICE,FORGERY,RESIDENCE,N,N,614,21,10,,,,,
3457,204536,JF135971,10/15/2021 12:00:00 AM,003XX N JEFFERSON ST,0890,THEFT,FROM BUILDING,APARTMENT,N,N,1214,42,06,,,,,
3458,204560,JF147348,02/16/2022 08:00:00 AM,059XX N WINTHROP AVE,1320,CRIMINAL DAMAGE,TO VEHICLE,ALLEY,N,N,2022,48,14,,,,,
3459,204629,JF135537,12/02/2021 12:00:00 AM,0000X E MONROE ST,1150,DECEPTIVE PRACTICE,CREDIT CARD FRAUD,STREET,N,N,112,42,11,,,,,
3460,204654,JF135519,06/28/2021 12:00:00 PM,034XX W 114TH ST,1153,DECEPTIVE PRACTICE,FINANCIAL IDENTITY THEFT OVER $ 300,RESIDENCE,N,N,2211,19,11,,,,,
3461,204685,JE492878,12/28/2021 07:35:00 PM,044XX N DRAKE AVE,0810,THEFT,OVER $500,APARTMENT,N,N,1723,35,06,,,,,
3462,204733,JF135750,11/06/2021 12:00:00 AM,034XX S LITUANICA AVE,1565,SEX OFFENSE,INDECENT SOLICITATION OF A CHILD,RESIDENCE,N,N,913,11,17,,,,,
3463,204735,JF130365,01/31/2022 01:20:00 PM,061XX N Broadway,1153,DECEPTIVE PRACTICE,FINANCIAL IDENTITY THEFT OVER $ 300,,N,N,2433,48,11,,,,,
3464,204789,JF135737,12/18/2021 12:30:00 AM,003XX W CHICAGO AVE,0810,THEFT,OVER $500,BAR OR TAVERN,N,N,1823,27,06,,,,,
3465,204791,JF135679,11/27/2021 04:00:00 PM,121XX S STATE ST,1310,CRIMINAL DAMAGE,TO PROPERTY,RESIDENCE,N,N,532,9,14,,,,,
3466,204794,JF166389,03/06/2022 07:00:00 AM,024XX W MEDILL AVE,0810,THEFT,OVER $500,VEHICLE NON-COMMERCIAL,N,N,1431,1,06,,,,,
3467,204808,JF135641,12/18/2021 12:00:00 AM,007XX E 82ND ST,1154,DECEPTIVE PRACTICE,FINANCIAL IDENTITY THEFT $300 AND UNDER,APARTMENT,N,N,631,6,11,,,,,
3468,204862,JF135640,12/14/2021 08:30:00 AM,030XX S DR MARTIN LUTHER KING JR DR,1261,DECEPTIVE PRACTICE,UNAUTHORIZED VIDEOTAPING,SCHOOL - PUBLIC BUILDING,N,N,133,4,11,,,,,
3469,204864,JF135642,12/26/2021 08:00:00 PM,031XX W 25TH ST,0820,THEFT,$500 AND UNDER,VEHICLE NON-COMMERCIAL,N,N,1033,12,06,,,,,
3470,204871,JF165911,03/06/2022 12:00:00 AM,014XX W SUPERIOR ST,1154,DECEPTIVE PRACTICE,FINANCIAL IDENTITY THEFT $300 AND UNDER,,N,N,1215,27,11,,,,,
3471,204918,JF135755,12/23/2021 06:00:00 PM,061XX N SHERIDAN RD,2826,OTHER OFFENSE,HARASSMENT BY ELECTRONIC MEANS,APARTMENT,N,Y,2433,48,26,,,,,
3472,204962,JF135846,12/29/2021 03:00:00 AM,055XX S WOLCOTT AVE,0486,BATTERY,DOMESTIC BATTERY SIMPLE,APARTMENT,N,Y,715,15,08B,,,,,
3473,204971,JF165272,03/06/2022 09:00:00 AM,0000X E CONGRESS PKWY,0810,THEFT,OVER $500,HOTEL / MOTEL,N,N,113,4,06,,,,,
3474,204972,JF171598,03/23/2021 12:00:00 AM,118XX S STEWART AVE,1153,DECEPTIVE PRACTICE,FINANCIAL IDENTITY THEFT OVER $ 300,RESIDENCE,N,N,522,34,11,,,,,
3475,205024,JF171374,04/07/2021 12:00:00 AM,056XX S PRINCETON AVE,1153,DECEPTIVE PRACTICE,FINANCIAL IDENTITY THEFT OVER $ 300,APARTMENT,N,N,711,3,11,,,,,
3476,205084,JF171497,02/11/2022 04:30:00 PM,006XX N MICHIGAN AVE,0860,THEFT,RETAIL THEFT,DEPARTMENT STORE,N,N,1834,42,06,,,,,
3477,205085,JF152131,02/04/2022 05:49:00 PM,031XX N CLARK ST,0860,THEFT,RETAIL THEFT,SMALL RETAIL STORE,N,N,1933,44,06,,,,,
3478,205107,JF171710,03/03/2022 11:20:00 PM,064XX N CLARK ST,0810,THEFT,OVER $500,BAR OR TAVERN,N,N,2432,40,06,,,,,
3479,205126,JF172300,04/29/2021 08:00:00 AM,077XX S GREENWOOD AVE,1153,DECEPTIVE PRACTICE,FINANCIAL IDENTITY THEFT OVER $ 300,RESIDENCE,N,N,624,8,11,,,,,
3480,205158,JF169603,07/04/2021 12:00:00 AM,008XX E 87TH PL,0810,THEFT,OVER $500,APARTMENT,N,N,632,8,06,,,,,
3481,205253,JE434360,11/02/2021 12:00:00 AM,062XX N MOZART ST,1750,OFFENSE INVOLVING CHILDREN,CHILD ABUSE,RESIDENCE,N,N,2413,50,08B,,,,,
3482,205261,JF171732,11/01/2021 12:00:00 AM,042XX S FRANCISCO AVE,1310,CRIMINAL DAMAGE,TO PROPERTY,RESIDENCE,N,N,921,15,14,,,,,
3483,205266,JF172282,12/15/2021 07:00:00 AM,008XX N CENTRAL AVE,1310,CRIMINAL DAMAGE,TO PROPERTY,CHURCH / SYNAGOGUE / PLACE OF WORSHIP,N,N,1511,29,14,,,,,
3484,205274,JF167907,03/06/2022 04:55:00 PM,014XX N NOBLE ST,0810,THEFT,OVER $500,STREET,N,N,1433,2,06,,,,,
3485,205275,JF165220,03/06/2022 10:15:00 AM,054XX S LAKE PARK AVE,1150,DECEPTIVE PRACTICE,CREDIT CARD FRAUD,OTHER (SPECIFY),N,N,234,5,11,,,,,
3486,205314,JF152467,10/03/2021 03:30:00 AM,035XX W MC LEAN AVE,0460,BATTERY,SIMPLE,ALLEY,N,N,1413,26,08B,,,,,
3487,205337,JF151082,02/16/2022 11:05:00 PM,008XX N ST LOUIS AVE,0810,THEFT,OVER $500,RESIDENCE - YARD (FRONT / BACK),N,N,1121,27,06,,,,,
3488,205371,JF152702,12/27/2021 09:00:00 AM,095XX S GREENWOOD AVE,1154,DECEPTIVE PRACTICE,FINANCIAL IDENTITY THEFT $300 AND UNDER,RESIDENCE,N,N,511,8,11,,,,,
3489,205389,JF147717,02/16/2022 05:15:00 PM,003XX E RANDOLPH ST,1150,DECEPTIVE PRACTICE,CREDIT CARD FRAUD,DEPARTMENT STORE,N,N,114,42,11,,,,,
3490,205403,JF167201,03/06/2022 06:05:00 PM,018XX W MELROSE ST,0810,THEFT,OVER $500,STREET,N,N,1922,47,06,,,,,
3491,205452,JF151466,02/16/2022 05:07:00 PM,030XX N RACINE AVE,0890,THEFT,FROM BUILDING,RESIDENCE - PORCH / HALLWAY,N,N,1933,44,06,,,,,
3492,205455,JF147298,02/16/2022 08:30:00 PM,017XX W CHICAGO AVE,0810,THEFT,OVER $500,RESTAURANT,N,N,1213,1,06,,,,,
3493,205475,JF152791,12/27/2021 01:30:00 AM,005XX W DEMING PL,0620,BURGLARY,UNLAWFUL ENTRY,APARTMENT,N,Y,1935,43,05,,,,,
3494,205489,JF147292,02/16/2022 08:20:00 PM,014XX N WELLS ST,0560,ASSAULT,SIMPLE,RESTAURANT,N,N,1821,27,08A,,,,,
3495,205501,JF152499,01/27/2022 07:05:00 PM,006XX S WELLS ST,0890,THEFT,FROM BUILDING,APARTMENT,N,N,123,25,06,,,,,
3496,205517,JF147101,02/16/2022 09:55:00 PM,025XX N CLARK ST,0810,THEFT,OVER $500,CTA BUS,N,N,1935,43,06,,,,,
3497,205531,JE243172,05/25/2021 10:01:00 AM,079XX S HALSTED ST,0820,THEFT,$500 AND UNDER,CTA BUS STOP,N,N,621,17,06,,,,,
3498,205557,JF166749,03/06/2022 07:00:00 AM,002XX S COLUMBUS DR,1305,CRIMINAL DAMAGE,CRIMINAL DEFACEMENT,SIDEWALK,N,N,114,42,14,,,,,
3499,205564,JF152567,12/21/2021 02:00:00 PM,044XX N PAULINA ST,4387,OTHER OFFENSE,VIOLATE ORDER OF PROTECTION,APARTMENT,N,Y,1912,47,26,,,,,
3500,205566,JF146414,02/16/2022 12:30:00 PM,001XX W ONTARIO ST,0870,THEFT,POCKET-PICKING,RESTAURANT,N,N,1832,42,06,,,,,
3501,205567,JF150351,02/16/2022 12:20:00 PM,005XX W BRIAR PL,0890,THEFT,FROM BUILDING,APARTMENT,N,N,1934,44,06,,,,,
3502,205578,JF151352,02/16/2022 05:15:00 PM,007XX W FULTON MARKET,0820,THEFT,$500 AND UNDER,STREET,N,N,1214,42,06,,,,,
3503,205607,JE489969,12/27/2021 11:00:00 AM,077XX S JEFFERY BLVD,0330,ROBBERY,AGGRAVATED,CTA BUS STOP,N,N,414,8,03,,,,,
3504,205620,JF152388,07/01/2021 06:00:00 AM,062XX N SACRAMENTO AVE,1153,DECEPTIVE PRACTICE,FINANCIAL IDENTITY THEFT OVER $ 300,OTHER (SPECIFY),N,N,2413,50,11,,,,,
3505,205664,JF152482,10/16/2021 04:40:00 PM,048XX N KIMBALL AVE,0820,THEFT,$500 AND UNDER,APARTMENT,N,N,1713,33,06,,,,,
3506,205683,JF152411,11/25/2021 03:00:00 AM,022XX W 113TH PL,0486,BATTERY,DOMESTIC BATTERY SIMPLE,RESIDENCE,N,Y,2212,19,08B,,,,,
3507,205706,JF148146,02/16/2022 12:35:00 AM,005XX N GREEN ST,0810,THEFT,OVER $500,APARTMENT,N,N,1214,27,06,,,,,
3508,205729,JF152502,01/19/2022 02:00:00 PM,0000X E 8TH ST,1152,DECEPTIVE PRACTICE,ILLEGAL USE CASH CARD,MEDICAL / DENTAL OFFICE,N,N,123,4,11,,,,,
3509,205731,JF151719,12/18/2021 06:00:00 PM,054XX S WESTERN BLVD,1585,SEX OFFENSE,OTHER,SCHOOL - PUBLIC GROUNDS,N,N,932,16,17,,,,,
3510,205789,JF152242,10/22/2021 08:45:00 AM,052XX W MONTANA ST,0910,MOTOR VEHICLE THEFT,AUTOMOBILE,STREET,N,N,2515,31,07,,,,,
3511,205861,JF152300,09/01/2021 12:00:00 PM,028XX S KARLOV AVE,0810,THEFT,OVER $500,STREET,N,N,1031,22,06,,,,,
3512,205867,JF148209,12/24/2021 10:30:00 AM,083XX S WOOD ST,4387,OTHER OFFENSE,VIOLATE ORDER OF PROTECTION,OTHER (SPECIFY),N,Y,614,21,26,,,,,
3513,205904,JF152301,12/01/2021 12:00:00 AM,067XX S MERRILL AVE,1710,OFFENSE INVOLVING CHILDREN,ENDANGERING LIFE / HEALTH OF CHILD,APARTMENT,N,Y,331,5,20,,,,,
3514,205919,JF137789,11/11/2021 04:20:00 PM,053XX W SCHOOL ST,1754,OFFENSE INVOLVING CHILDREN,AGGRAVATED SEXUAL ASSAULT OF CHILD BY FAMILY MEMBER,RESIDENCE,N,Y,1634,30,02,,,,,
3515,205959,JF152523,02/03/2022 09:45:00 PM,048XX N KOSTNER AVE,1320,CRIMINAL DAMAGE,TO VEHICLE,STREET,N,N,1712,39,14,,,,,
3516,205984,JF166376,03/06/2022 07:00:00 PM,043XX N PAULINA ST,0810,THEFT,OVER $500,STREET,N,N,1912,47,06,,,,,
3517,206032,JF165158,03/06/2022 12:30:00 AM,012XX N DEARBORN ST,0810,THEFT,OVER $500,APARTMENT,N,N,1824,2,06,,,,,
3518,206041,JF153510,08/12/2021 12:01:00 AM,030XX N GRESHAM AVE,1153,DECEPTIVE PRACTICE,FINANCIAL IDENTITY THEFT OVER $ 300,APARTMENT,N,N,1412,35,11,,,,,
3519,206065,JF153620,09/05/2021 08:00:00 AM,077XX S LOOMIS BLVD,1153,DECEPTIVE PRACTICE,FINANCIAL IDENTITY THEFT OVER $ 300,RESIDENCE,N,N,612,17,11,,,,,
3520,206066,JF148451,02/17/2022 03:30:00 PM,002XX W NORTH AVE,0890,THEFT,FROM BUILDING,OTHER (SPECIFY),N,N,1814,2,06,,,,,
3521,206070,JF153691,03/30/2021 09:00:00 AM,085XX S JEFFERY BLVD,0910,MOTOR VEHICLE THEFT,AUTOMOBILE,RESIDENCE - GARAGE,N,N,412,8,07,,,,,
3522,206091,JF152962,10/12/2021 09:00:00 AM,042XX N MARINE DR,1153,DECEPTIVE PRACTICE,FINANCIAL IDENTITY THEFT OVER $ 300,APARTMENT,N,N,1915,46,11,,,,,
3523,206135,JF150386,02/17/2022 11:40:00 AM,118XX S AVENUE O,0860,THEFT,RETAIL THEFT,DRUG STORE,N,N,433,10,06,,,,,
3524,206159,JF153363,10/13/2021 07:30:00 PM,004XX W DEMING PL,0890,THEFT,FROM BUILDING,HOSPITAL BUILDING / GROUNDS,N,N,1935,43,06,,,,,
3525,206163,JF154024,12/09/2021 02:00:00 PM,058XX S DR MARTIN LUTHER KING JR DR,1150,DECEPTIVE PRACTICE,CREDIT CARD FRAUD,APARTMENT,N,N,232,20,11,,,,,
3526,206165,JF151072,02/17/2022 12:01:00 AM,005XX S WELLS ST,0810,THEFT,OVER $500,PARKING LOT / GARAGE (NON RESIDENTIAL),N,N,123,25,06,,,,,
3527,206167,JF153551,10/10/2021 12:01:00 AM,014XX W SUPERIOR ST,1150,DECEPTIVE PRACTICE,CREDIT CARD FRAUD,APARTMENT,N,N,1215,27,11,,,,,
3528,206177,JF153453,12/29/2021 12:00:00 AM,013XX W ESTES AVE,1310,CRIMINAL DAMAGE,TO PROPERTY,APARTMENT,N,N,2423,49,14,,,,,
3529,206286,JF153187,11/01/2021 12:00:00 AM,059XX W BELDEN AVE,0265,CRIMINAL SEXUAL ASSAULT,AGGRAVATED - OTHER,APARTMENT,N,Y,2515,36,02,,,,,
3530,206316,JF153717,12/15/2021 12:00:00 PM,076XX S EUCLID AVE,0810,THEFT,OVER $500,RESIDENCE,N,N,414,8,06,,,,,
3531,206329,JF153254,12/31/2021 06:00:00 PM,048XX N TRIPP AVE,2826,OTHER OFFENSE,HARASSMENT BY ELECTRONIC MEANS,RESIDENCE,N,N,1712,39,26,,,,,
3532,206334,JF153184,09/01/2021 07:20:00 AM,035XX S RHODES AVE,1153,DECEPTIVE PRACTICE,FINANCIAL IDENTITY THEFT OVER $ 300,,N,N,212,4,11,,,,,
3533,206342,JF147418,02/17/2022 12:00:00 AM,053XX S BLACKSTONE AVE,1320,CRIMINAL DAMAGE,TO VEHICLE,STREET,N,N,234,5,14,,,,,
3534,206358,JF153415,12/13/2021 12:00:00 AM,108XX S MICHIGAN AVE,1153,DECEPTIVE PRACTICE,FINANCIAL IDENTITY THEFT OVER $ 300,OTHER (SPECIFY),N,N,513,9,11,,,,,
3535,206395,JF153842,05/11/2021 04:00:00 PM,024XX W JARVIS AVE,2826,OTHER OFFENSE,HARASSMENT BY ELECTRONIC MEANS,APARTMENT,N,N,2411,50,26,,,,,
3536,206412,JF153718,04/01/2021 12:00:00 PM,041XX N AUSTIN AVE,1153,DECEPTIVE PRACTICE,FINANCIAL IDENTITY THEFT OVER $ 300,RESIDENCE,N,N,1624,38,11,,,,,
3537,206440,JF153766,02/17/2022 04:34:00 PM,007XX E 81ST ST,0820,THEFT,$500 AND UNDER,APARTMENT,N,N,631,6,06,,,,,
3538,206444,JF150452,02/17/2022 05:30:00 PM,0000X W TERMINAL ST,0890,THEFT,FROM BUILDING,AIRPORT TERMINAL LOWER LEVEL - NON-SECURE AREA,N,N,1651,41,06,,,,,
3539,206446,JF153912,11/10/2021 12:00:00 AM,004XX W EVERGREEN AVE,1156,DECEPTIVE PRACTICE,ATTEMPT - FINANCIAL IDENTITY THEFT,RESIDENCE,N,N,1821,27,11,,,,,
3540,206449,JF147561,02/17/2022 02:28:00 PM,016XX W DIVISION ST,0860,THEFT,RETAIL THEFT,DEPARTMENT STORE,N,N,1424,1,06,,,,,
3541,206539,JF153487,12/02/2021 05:00:00 PM,023XX W GRAND AVE,0820,THEFT,$500 AND UNDER,PARKING LOT / GARAGE (NON RESIDENTIAL),N,N,1221,26,06,,,,,
3542,206562,JF155133,06/26/2021 08:02:00 AM,051XX S HARPER AVE,2826,OTHER OFFENSE,HARASSMENT BY ELECTRONIC MEANS,APARTMENT,N,N,234,4,26,,,,,
3543,206563,JF151495,02/18/2022 05:00:00 AM,127XX S MUSKEGON AVE,0810,THEFT,OVER $500,STREET,N,N,433,10,06,,,,,
3544,206610,JF154721,12/16/2021 05:00:00 PM,050XX W BARRY AVE,0810,THEFT,OVER $500,APARTMENT,N,N,2521,31,06,,,,,
3545,206615,JF154739,11/15/2021 12:00:00 AM,006XX E MARQUETTE RD,0820,THEFT,$500 AND UNDER,APARTMENT,N,N,321,20,06,,,,,
3546,206638,JF154460,12/30/2021 12:00:00 AM,013XX S KOLIN AVE,1150,DECEPTIVE PRACTICE,CREDIT CARD FRAUD,RESIDENCE,N,N,1011,24,11,,,,,
3547,206656,JF154628,10/10/2021 12:01:00 AM,047XX S LAKE PARK AVE,0820,THEFT,$500 AND UNDER,PARKING LOT / GARAGE (NON RESIDENTIAL),N,N,222,4,06,,,,,
3548,206676,JF154513,12/28/2021 09:00:00 AM,061XX W MELROSE ST,1154,DECEPTIVE PRACTICE,FINANCIAL IDENTITY THEFT $300 AND UNDER,APARTMENT,N,N,1633,30,11,,,,,
3549,206689,JF152594,02/18/2022 10:06:00 AM,026XX N ELSTON AVE,0860,THEFT,RETAIL THEFT,CONVENIENCE STORE,N,N,1432,1,06,,,,,
3550,206691,JF154503,07/05/2021 10:50:00 AM,049XX N MONTICELLO AVE,1153,DECEPTIVE PRACTICE,FINANCIAL IDENTITY THEFT OVER $ 300,,N,N,1712,33,11,,,,,
3551,206726,JF155264,07/26/2021 12:01:00 AM,017XX W DEVON AVE,2825,OTHER OFFENSE,HARASSMENT BY TELEPHONE,RESIDENCE,N,N,2433,40,26,,,,,
3552,206730,JF154478,02/10/2022 03:00:00 AM,030XX N RACINE AVE,0810,THEFT,OVER $500,STREET,N,N,1933,44,06,,,,,
3553,206738,JF155376,11/30/2021 12:00:00 PM,012XX S LAWNDALE AVE,0910,MOTOR VEHICLE THEFT,AUTOMOBILE,VEHICLE NON-COMMERCIAL,N,N,1011,24,07,,,,,
3554,206766,JE448664,11/17/2021 08:23:00 PM,015XX W 87TH ST,143A,WEAPONS VIOLATION,UNLAWFUL POSSESSION - HANDGUN,STREET,Y,N,614,21,15,,,,,
3555,206772,JF154679,07/01/2021 12:00:00 AM,026XX W 60TH ST,0910,MOTOR VEHICLE THEFT,AUTOMOBILE,APARTMENT,N,Y,825,16,07,,,,,
3556,206791,JF153660,06/30/2021 04:00:00 PM,016XX E 67TH ST,1153,DECEPTIVE PRACTICE,FINANCIAL IDENTITY THEFT OVER $ 300,RESIDENCE,N,N,332,5,11,,,,,
3557,206819,JF154353,01/03/2022 09:00:00 AM,066XX S NORMAL BLVD,0890,THEFT,FROM BUILDING,SCHOOL - PUBLIC BUILDING,N,N,722,6,06,,,,,
3558,206906,JF151070,02/18/2022 03:10:00 PM,001XX W LAKE ST,0870,THEFT,POCKET-PICKING,CTA TRAIN,N,N,122,42,06,,,,,
3559,206923,JF151192,02/18/2022 03:27:00 PM,005XX W Madison St,1130,DECEPTIVE PRACTICE,FRAUD OR CONFIDENCE GAME,APARTMENT,N,N,121,42,11,,,,,
3560,206973,JF154491,12/07/2021 12:00:00 PM,016XX N LOREL AVE,1310,CRIMINAL DAMAGE,TO PROPERTY,APARTMENT,N,Y,2532,37,14,,,,,
3561,207018,JF153444,12/20/2021 09:00:00 AM,028XX N RIVERWALK DR,1153,DECEPTIVE PRACTICE,FINANCIAL IDENTITY THEFT OVER $ 300,RESIDENCE,N,N,1432,32,11,,,,,
3562,207034,JF155433,12/10/2021 12:00:00 PM,039XX W MONROE ST,0560,ASSAULT,SIMPLE,RESIDENCE,N,N,1122,28,08A,,,,,
3563,207086,JF154717,11/24/2021 12:00:00 AM,087XX S RACINE AVE,1156,DECEPTIVE PRACTICE,ATTEMPT - FINANCIAL IDENTITY THEFT,RESIDENCE,N,N,2222,21,11,,,,,
3564,207090,JF111484,12/30/2021 04:00:00 PM,005XX S KOSTNER AVE,0325,ROBBERY,VEHICULAR HIJACKING,CONVENIENCE STORE,Y,N,1131,28,03,,,,,
3565,207091,JF153466,12/29/2021 12:00:00 AM,122XX S PRINCETON AVE,1120,DECEPTIVE PRACTICE,FORGERY,OTHER (SPECIFY),N,N,523,34,10,,,,,
